Date,Timestamp,Players,Twitch Viewers
2020-10-24,22:30,133263,77178
2020-10-24,22:40,135949,80989
2020-10-24,22:50,139307,80380
2020-10-24,23:00,141980,82574
2020-10-24,23:10,144688,93862
2020-10-24,23:20,147728,104002
2020-10-24,23:30,150058,107588
2020-10-24,23:40,152035,107416
2020-10-24,23:50,154534,108577
2020-10-25,00:00,158751,113424
2020-10-25,00:10,162588,111550
2020-10-25,00:20,164423,114695
2020-10-25,00:30,165132,115540
2020-10-25,00:40,155848,114611
2020-10-25,00:50,157705,108799
2020-10-25,01:00,167449,113678
2020-10-25,01:10,177186,117476
2020-10-25,01:20,185055,118082
2020-10-25,01:30,190408,120627
2020-10-25,01:40,191391,122478
2020-10-25,01:50,196197,129266
2020-10-25,02:00,207267,123671
2020-10-25,02:10,219061,132149
2020-10-25,02:20,229184,148821
2020-10-25,02:30,232816,152476
2020-10-25,02:40,225993,188999
2020-10-25,02:50,240794,154117
2020-10-25,03:00,249699,163281
2020-10-25,03:10,250508,231906
2020-10-25,03:20,260204,271774
2020-10-25,03:30,276409,292498
2020-10-25,03:40,279618,362453
2020-10-25,03:50,280995,376628
2020-10-25,04:00,269006,383963
2020-10-25,04:10,264715,389654
2020-10-25,04:20,270144,380270
2020-10-25,04:30,272849,391327
2020-10-25,04:40,277626,390044
2020-10-25,04:50,276309,392160
2020-10-25,05:00,281812,374816
2020-10-25,05:10,285090,343770
2020-10-25,05:20,286252,347175
2020-10-25,05:30,278723,348656
2020-10-25,05:40,274416,359371
2020-10-25,05:50,272961,350472
2020-10-25,06:00,268103,338786
2020-10-25,06:10,260980,239771
2020-10-25,06:20,253877,167198
2020-10-25,06:30,245658,163860
2020-10-25,06:40,236361,151428
2020-10-25,06:50,228021,150732
2020-10-25,07:00,219141,148386
2020-10-25,07:10,211486,198594
2020-10-25,07:20,203687,224907
2020-10-25,07:30,182705,229982
2020-10-25,07:40,183105,228044
2020-10-25,07:50,181950,279493
2020-10-25,08:00,180909,314682
2020-10-25,08:10,182274,322287
2020-10-25,08:20,184492,325303
2020-10-25,08:30,187087,332531
2020-10-25,08:40,189714,330709
2020-10-25,08:50,192727,333774
2020-10-25,09:00,196398,336173
2020-10-25,09:10,201781,333301
2020-10-25,09:20,207099,304745
2020-10-25,09:30,212212,303755
2020-10-25,09:40,217887,298793
2020-10-25,09:50,222564,289833
2020-10-25,10:00,226875,278621
2020-10-25,10:10,231773,220263
2020-10-25,10:20,236481,230794
2020-10-25,10:30,239618,224523
2020-10-25,10:40,242891,229198
2020-10-25,10:50,245062,225014
2020-10-25,11:00,245871,234295
2020-10-25,11:10,246382,226187
2020-10-25,11:20,246834,221626
2020-10-25,11:30,245795,220031
2020-10-25,11:40,244052,222774
2020-10-25,11:50,241952,228075
2020-10-25,12:00,237781,215769
2020-10-25,12:10,232713,208893
2020-10-25,12:20,228103,188303
2020-10-25,12:30,222801,191248
2020-10-25,12:40,216629,190672
2020-10-25,12:50,210451,186161
2020-10-25,13:00,203595,175772
2020-10-25,13:10,195441,183172
2020-10-25,13:20,188118,167611
2020-10-25,13:30,180591,164360
2020-10-25,13:40,173091,161233
2020-10-25,13:50,165641,156598
2020-10-25,14:00,157724,160923
2020-10-25,14:10,149605,150306
2020-10-25,14:20,142463,149041
2020-10-25,14:30,136211,138129
2020-10-25,14:40,129823,137420
2020-10-25,14:50,123819,131022
2020-10-25,15:00,118344,129402
2020-10-25,15:10,112216,129235
2020-10-25,15:20,107496,131284
2020-10-25,15:30,103152,131171
2020-10-25,15:40,99469,129478
2020-10-25,15:50,96111,125072
2020-10-25,16:00,93428,125407
2020-10-25,16:10,90502,42774
2020-10-25,16:20,88197,36171
2020-10-25,16:30,86871,33377
2020-10-25,16:40,85550,36315
2020-10-25,16:50,84651,36390
2020-10-25,17:00,83779,35538
2020-10-25,17:10,83183,36772
2020-10-25,17:20,83205,35763
2020-10-25,17:30,83380,35409
2020-10-25,17:40,84117,33267
2020-10-25,17:50,84433,33415
2020-10-25,18:00,84763,34182
2020-10-25,18:10,84984,33367
2020-10-25,18:20,85849,34465
2020-10-25,18:30,86204,34525
2020-10-25,18:40,87040,34686
2020-10-25,18:50,88100,34950
2020-10-25,19:00,89143,34794
2020-10-25,19:10,90348,34889
2020-10-25,19:20,91221,33148
2020-10-25,19:30,92259,32567
2020-10-25,19:40,93900,26820
2020-10-25,19:50,95503,26690
2020-10-25,20:00,96914,26426
2020-10-25,20:10,98713,24021
2020-10-25,20:20,100617,23312
2020-10-25,20:30,102431,22956
2020-10-25,20:40,104682,23128
2020-10-25,20:50,107359,24482
2020-10-25,21:00,109687,24364
2020-10-25,21:10,112277,35603
2020-10-25,21:20,114598,35863
2020-10-25,21:30,117333,36048
2020-10-25,21:40,120146,37704
2020-10-25,21:50,122518,31630
2020-10-25,22:00,126129,43770
2020-10-25,22:10,129767,46003
2020-10-25,22:20,133139,47635
2020-10-25,22:30,135936,48113
2020-10-25,22:40,138817,52335
2020-10-25,22:50,141534,54962
2020-10-25,23:00,143913,80172
2020-10-25,23:10,146832,121078
2020-10-25,23:20,150288,151281
2020-10-25,23:30,152353,176728
2020-10-25,23:40,154839,183733
2020-10-25,23:50,157240,216889
2020-10-26,00:00,160410,232907
2020-10-26,00:10,164031,233404
2020-10-26,00:20,166647,235798
2020-10-26,00:30,169156,242299
2020-10-26,00:40,172714,240606
2020-10-26,00:50,176018,247285
2020-10-26,01:00,179742,244967
2020-10-26,01:10,183793,240740
2020-10-26,01:20,188193,240091
2020-10-26,01:30,192445,240555
2020-10-26,01:40,197089,229327
2020-10-26,01:50,202287,237263
2020-10-26,02:00,203551,226706
2020-10-26,02:10,211667,230782
2020-10-26,02:20,219122,223361
2020-10-26,02:30,228528,217181
2020-10-26,02:40,237456,219694
2020-10-26,02:50,245920,132981
2020-10-26,03:00,257126,108793
2020-10-26,03:10,270746,106517
2020-10-26,03:20,280612,112269
2020-10-26,03:30,290315,118849
2020-10-26,03:40,299078,119130
2020-10-26,03:50,306037,123345
2020-10-26,04:00,311863,182108
2020-10-26,04:10,318688,211585
2020-10-26,04:20,322924,224375
2020-10-26,04:30,324761,262478
2020-10-26,04:40,325473,280531
2020-10-26,04:50,323906,294400
2020-10-26,05:00,319583,283931
2020-10-26,05:10,311607,295925
2020-10-26,05:20,304524,301054
2020-10-26,05:30,297234,280637
2020-10-26,05:40,288489,330896
2020-10-26,05:50,280017,332978
2020-10-26,06:00,269891,336175
2020-10-26,06:10,258940,327628
2020-10-26,06:20,248642,329987
2020-10-26,06:30,238249,308632
2020-10-26,06:40,227848,329463
2020-10-26,06:50,219045,318263
2020-10-26,07:00,210107,306196
2020-10-26,07:10,201353,317229
2020-10-26,07:20,194814,181994
2020-10-26,07:30,190336,186740
2020-10-26,07:40,186640,191973
2020-10-26,07:50,184355,192607
2020-10-26,08:00,182464,176026
2020-10-26,08:10,182704,164439
2020-10-26,08:20,183392,160515
2020-10-26,08:30,184605,158725
2020-10-26,08:40,186184,162788
2020-10-26,08:50,187804,165388
2020-10-26,09:00,190291,164125
2020-10-26,09:10,193108,162336
2020-10-26,09:20,196050,191445
2020-10-26,09:30,197353,189548
2020-10-26,09:40,198530,196929
2020-10-26,09:50,198742,190831
2020-10-26,10:00,198367,197957
2020-10-26,10:10,197758,137802
2020-10-26,10:20,196876,145300
2020-10-26,10:30,195620,148961
2020-10-26,10:40,193627,152646
2020-10-26,10:50,191385,152610
2020-10-26,11:00,187699,150261
2020-10-26,11:10,182583,146990
2020-10-26,11:20,178438,146896
2020-10-26,11:30,173993,144783
2020-10-26,11:40,169204,140328
2020-10-26,11:50,164630,136276
2020-10-26,12:00,158870,126644
2020-10-26,12:10,151872,105274
2020-10-26,12:20,146183,88005
2020-10-26,12:30,141848,87804
2020-10-26,12:40,136950,84585
2020-10-26,12:50,132031,83982
2020-10-26,13:00,126964,80639
2020-10-26,13:10,120306,72742
2020-10-26,13:20,115127,69793
2020-10-26,13:30,109965,68443
2020-10-26,13:40,104952,67391
2020-10-26,13:50,100577,49041
2020-10-26,14:00,96081,49225
2020-10-26,14:10,91422,45566
2020-10-26,14:20,87772,44766
2020-10-26,14:30,84332,42824
2020-10-26,14:40,81199,41896
2020-10-26,14:50,78746,41131
2020-10-26,15:00,76076,40547
2020-10-26,15:10,73719,41192
2020-10-26,15:20,72183,40325
2020-10-26,15:30,71201,40111
2020-10-26,15:40,70238,38788
2020-10-26,15:50,69582,38343
2020-10-26,16:00,68376,37105
2020-10-26,16:10,67828,37036
2020-10-26,16:20,68007,34907
2020-10-26,16:30,68480,35423
2020-10-26,16:40,69051,34379
2020-10-26,16:50,69071,33654
2020-10-26,17:00,68462,34506
2020-10-26,17:10,69433,37234
2020-10-26,17:20,70879,37310
2020-10-26,17:30,72213,37193
2020-10-26,17:40,73028,37656
2020-10-26,17:50,73061,38399
2020-10-26,18:00,73600,40202
2020-10-26,18:10,74772,40157
2020-10-26,18:20,76535,43734
2020-10-26,18:30,78095,45211
2020-10-26,18:40,78830,42949
2020-10-26,18:50,78831,42479
2020-10-26,19:00,79206,42915
2020-10-26,19:10,80514,41145
2020-10-26,19:20,81943,41469
2020-10-26,19:30,83190,37747
2020-10-26,19:40,83821,37847
2020-10-26,19:50,84216,36061
2020-10-26,20:00,84934,37861
2020-10-26,20:10,86442,38580
2020-10-26,20:20,87975,42363
2020-10-26,20:30,89676,36948
2020-10-26,20:40,91406,38298
2020-10-26,20:50,92881,39908
2020-10-26,21:00,93985,47613
2020-10-26,21:10,96279,46207
2020-10-26,21:20,98431,46212
2020-10-26,21:30,100942,45860
2020-10-26,21:40,103961,44991
2020-10-26,21:50,106311,47002
2020-10-26,22:00,107809,46833
2020-10-26,22:10,110527,46370
2020-10-26,22:20,112888,47922
2020-10-26,22:30,114830,38309
2020-10-26,22:40,117310,42356
2020-10-26,22:50,119322,44722
2020-10-26,23:00,120736,43078
2020-10-26,23:10,122096,52338
2020-10-26,23:20,124382,60200
2020-10-26,23:30,125953,66422
2020-10-26,23:40,128024,72032
2020-10-26,23:50,130011,73233
2020-10-27,00:00,130953,78056
2020-10-27,00:10,133420,88066
2020-10-27,00:20,134641,99024
2020-10-27,00:30,137862,101174
2020-10-27,00:40,139794,99637
2020-10-27,00:50,142268,106613
2020-10-27,01:00,143795,107492
2020-10-27,01:10,147095,117134
2020-10-27,01:20,150680,127379
2020-10-27,01:30,153794,129117
2020-10-27,01:40,158243,132466
2020-10-27,01:50,162781,136571
2020-10-27,02:00,167929,133836
2020-10-27,02:10,174813,123416
2020-10-27,02:20,181608,117890
2020-10-27,02:30,189034,123827
2020-10-27,02:40,197402,126456
2020-10-27,02:50,205296,129806
2020-10-27,03:00,215737,143116
2020-10-27,03:10,227420,132069
2020-10-27,03:20,237272,136096
2020-10-27,03:30,246297,136041
2020-10-27,03:40,255655,133714
2020-10-27,03:50,262582,137868
2020-10-27,04:00,269295,147507
2020-10-27,04:10,276709,194988
2020-10-27,04:20,282637,238548
2020-10-27,04:30,285675,370324
2020-10-27,04:40,287613,405290
2020-10-27,04:50,287881,435675
2020-10-27,05:00,285112,430069
2020-10-27,05:10,280371,418346
2020-10-27,05:20,274661,418911
2020-10-27,05:30,269153,415266
2020-10-27,05:40,261926,412729
2020-10-27,05:50,254450,417071
2020-10-27,06:00,245944,419785
2020-10-27,06:10,235525,432805
2020-10-27,06:20,225429,425651
2020-10-27,06:30,216719,433318
2020-10-27,06:40,208078,412136
2020-10-27,06:50,199410,402456
2020-10-27,07:00,191628,356228
2020-10-27,07:10,183506,206314
2020-10-27,07:20,177811,200521
2020-10-27,07:30,173336,200111
2020-10-27,07:40,170181,204938
2020-10-27,07:50,168032,201433
2020-10-27,08:00,166239,197693
2020-10-27,08:10,166048,199896
2020-10-27,08:20,167359,188315
2020-10-27,08:30,169120,183912
2020-10-27,08:40,171443,197732
2020-10-27,08:50,173892,190818
2020-10-27,09:00,175858,199016
2020-10-27,09:10,178858,206162
2020-10-27,09:20,181808,201039
2020-10-27,09:30,184021,217723
2020-10-27,09:40,185926,227991
2020-10-27,09:50,187482,237111
2020-10-27,10:00,187197,247642
2020-10-27,10:10,186330,246013
2020-10-27,10:20,186559,244859
2020-10-27,10:30,185852,251326
2020-10-27,10:40,185153,249810
2020-10-27,10:50,183511,246622
2020-10-27,11:00,181268,245588
2020-10-27,11:10,177120,173036
2020-10-27,11:20,173621,222646
2020-10-27,11:30,170309,224209
2020-10-27,11:40,166075,185774
2020-10-27,11:50,161870,191328
2020-10-27,12:00,157105,185226
2020-10-27,12:10,150657,193999
2020-10-27,12:20,144572,185228
2020-10-27,12:30,140215,187722
2020-10-27,12:40,135253,177492
2020-10-27,12:50,130316,175561
2020-10-27,13:00,125082,194862
2020-10-27,13:10,118533,189678
2020-10-27,13:20,113155,183248
2020-10-27,13:30,108126,180496
2020-10-27,13:40,103124,176590
2020-10-27,13:50,98377,118019
2020-10-27,14:00,94113,114165
2020-10-27,14:10,89481,75179
2020-10-27,14:20,85641,63790
2020-10-27,14:30,81933,54146
2020-10-27,14:40,78928,39171
2020-10-27,14:50,75876,39010
2020-10-27,15:00,73581,36124
2020-10-27,15:10,70690,32002
2020-10-27,15:20,68812,34751
2020-10-27,15:30,67361,35726
2020-10-27,15:40,66534,34279
2020-10-27,15:50,66018,34030
2020-10-27,16:00,65559,32590
2020-10-27,16:10,64899,32845
2020-10-27,16:20,65154,31279
2020-10-27,16:30,66102,31194
2020-10-27,16:40,67089,31852
2020-10-27,16:50,67342,31183
2020-10-27,17:00,67143,31755
2020-10-27,17:10,67528,34804
2020-10-27,17:20,68570,33331
2020-10-27,17:30,70104,45693
2020-10-27,17:40,71469,42358
2020-10-27,17:50,72029,49717
2020-10-27,18:00,72305,46362
2020-10-27,18:10,73292,48081
2020-10-27,18:20,74833,50422
2020-10-27,18:30,76442,49581
2020-10-27,18:40,77755,52081
2020-10-27,18:50,78073,57222
2020-10-27,19:00,78061,55840
2020-10-27,19:10,78457,56482
2020-10-27,19:20,79867,59595
2020-10-27,19:30,81568,61605
2020-10-27,19:40,83171,63905
2020-10-27,19:50,83740,65607
2020-10-27,20:00,84394,63745
2020-10-27,20:10,86401,64464
2020-10-27,20:20,88546,61874
2020-10-27,20:30,90003,67025
2020-10-27,20:40,91381,69724
2020-10-27,20:50,92923,72735
2020-10-27,21:00,93738,76497
2020-10-27,21:10,96006,76503
2020-10-27,21:20,97986,76225
2020-10-27,21:30,99641,77813
2020-10-27,21:40,102169,78875
2020-10-27,21:50,104131,82469
2020-10-27,22:00,106599,88116
2020-10-27,22:10,109098,85225
2020-10-27,22:20,111374,87714
2020-10-27,22:30,113524,86205
2020-10-27,22:40,116027,78763
2020-10-27,22:50,118379,82156
2020-10-27,23:00,119369,89838
2020-10-27,23:10,120949,94398
2020-10-27,23:20,123145,97659
2020-10-27,23:30,124540,100466
2020-10-27,23:40,126487,101657
2020-10-27,23:50,127524,106287
2020-10-28,00:00,128956,113842
2020-10-28,00:10,130876,118731
2020-10-28,00:20,129134,119962
2020-10-28,00:30,128305,113194
2020-10-28,00:40,130109,116039
2020-10-28,00:50,132169,118663
2020-10-28,01:00,133467,118535
2020-10-28,01:10,136015,116761
2020-10-28,01:20,136766,124816
2020-10-28,01:30,140388,128626
2020-10-28,01:40,144472,130872
2020-10-28,01:50,148432,133562
2020-10-28,02:00,152794,139552
2020-10-28,02:10,161600,138999
2020-10-28,02:20,168021,143838
2020-10-28,02:30,174858,144620
2020-10-28,02:40,181924,152409
2020-10-28,02:50,188750,144622
2020-10-28,03:00,196974,153039
2020-10-28,03:10,208501,208821
2020-10-28,03:20,219152,223128
2020-10-28,03:30,228270,245074
2020-10-28,03:40,237270,263546
2020-10-28,03:50,245241,258584
2020-10-28,04:00,253189,277025
2020-10-28,04:10,262430,276280
2020-10-28,04:20,269377,288656
2020-10-28,04:30,273870,301228
2020-10-28,04:40,276338,305277
2020-10-28,04:50,277172,321636
2020-10-28,05:00,276990,327290
2020-10-28,05:10,272862,308625
2020-10-28,05:20,269157,307840
2020-10-28,05:30,264347,292387
2020-10-28,05:40,257689,286125
2020-10-28,05:50,251673,270537
2020-10-28,06:00,239367,244488
2020-10-28,06:10,232823,188196
2020-10-28,06:20,225932,170054
2020-10-28,06:30,218916,171975
2020-10-28,06:40,210814,184061
2020-10-28,06:50,203513,177097
2020-10-28,07:00,195745,163977
2020-10-28,07:10,187709,167426
2020-10-28,07:20,155202,154965
2020-10-28,07:30,175005,133828
2020-10-28,07:40,172146,135921
2020-10-28,07:50,169805,146649
2020-10-28,08:00,167999,120968
2020-10-28,08:10,167295,94164
2020-10-28,08:20,168152,89561
2020-10-28,08:30,169071,96017
2020-10-28,08:40,170886,92962
2020-10-28,08:50,172512,95898
2020-10-28,09:00,174274,96704
2020-10-28,09:10,177303,110222
2020-10-28,09:20,180931,125321
2020-10-28,09:30,183477,136943
2020-10-28,09:40,186166,153786
2020-10-28,09:50,188635,153665
2020-10-28,10:00,188987,152191
2020-10-28,10:10,188325,139604
2020-10-28,10:20,188584,145956
2020-10-28,10:30,188390,154104
2020-10-28,10:40,186922,157233
2020-10-28,10:50,185564,179297
2020-10-28,11:00,182958,203896
2020-10-28,11:10,178451,238916
2020-10-28,11:20,175098,233971
2020-10-28,11:30,171429,234943
2020-10-28,11:40,166996,230285
2020-10-28,11:50,162430,227668
2020-10-28,12:00,157555,206268
2020-10-28,12:10,151290,200666
2020-10-28,12:20,145844,174811
2020-10-28,12:30,140734,170696
2020-10-28,12:40,135337,170269
2020-10-28,12:50,130528,168839
2020-10-28,13:00,125074,166969
2020-10-28,13:10,118625,168867
2020-10-28,13:20,112674,162096
2020-10-28,13:30,108086,158620
2020-10-28,13:40,103071,154789
2020-10-28,13:50,98654,158477
2020-10-28,14:00,94323,151186
2020-10-28,14:10,89534,133425
2020-10-28,14:20,85134,121938
2020-10-28,14:30,81587,112804
2020-10-28,14:40,78235,108924
2020-10-28,14:50,75525,105258
2020-10-28,15:00,73254,105751
2020-10-28,15:10,70631,107483
2020-10-28,15:20,68743,103727
2020-10-28,15:30,67419,93418
2020-10-28,15:40,66635,38995
2020-10-28,15:50,65861,40890
2020-10-28,16:00,64654,39585
2020-10-28,16:10,63588,40164
2020-10-28,16:20,63591,40094
2020-10-28,16:30,64087,39258
2020-10-28,16:40,65202,42356
2020-10-28,16:50,65172,39387
2020-10-28,17:00,64909,38840
2020-10-28,17:10,65154,38062
2020-10-28,17:20,66389,40343
2020-10-28,17:30,67917,39076
2020-10-28,17:40,69295,38611
2020-10-28,17:50,69331,38376
2020-10-28,18:00,69550,38362
2020-10-28,18:10,71054,37267
2020-10-28,18:20,72809,35822
2020-10-28,18:30,74839,36917
2020-10-28,18:40,76174,37793
2020-10-28,18:50,76382,38483
2020-10-28,19:00,76398,39283
2020-10-28,19:10,77146,40217
2020-10-28,19:20,78370,40713
2020-10-28,19:30,79421,41223
2020-10-28,19:40,80640,42279
2020-10-28,19:50,81058,43863
2020-10-28,20:00,81463,44776
2020-10-28,20:10,82866,38475
2020-10-28,20:20,84411,37753
2020-10-28,20:30,86312,35051
2020-10-28,20:40,88520,37989
2020-10-28,20:50,90381,37977
2020-10-28,21:00,92133,38659
2020-10-28,21:10,94665,39131
2020-10-28,21:20,97310,41622
2020-10-28,21:30,99930,36745
2020-10-28,21:40,102741,46342
2020-10-28,21:50,105175,48433
2020-10-28,22:00,107380,48839
2020-10-28,22:10,109606,40670
2020-10-28,22:20,112356,42586
2020-10-28,22:30,114248,44068
2020-10-28,22:40,116080,44010
2020-10-28,22:50,118295,46044
2020-10-28,23:00,118517,49060
2020-10-28,23:10,119590,88086
2020-10-28,23:20,121223,130789
2020-10-28,23:30,122542,166166
2020-10-28,23:40,124649,185442
2020-10-28,23:50,126279,228641
2020-10-29,00:00,127347,251108
2020-10-29,00:10,129779,263727
2020-10-29,00:20,131592,277911
2020-10-29,00:30,133103,283697
2020-10-29,00:40,135175,291192
2020-10-29,00:50,136861,288391
2020-10-29,01:00,137957,279193
2020-10-29,01:10,140080,292728
2020-10-29,01:20,142991,293696
2020-10-29,01:30,146436,286180
2020-10-29,01:40,150545,291592
2020-10-29,01:50,154536,301515
2020-10-29,02:00,158861,310114
2020-10-29,02:10,165376,310318
2020-10-29,02:20,171322,297058
2020-10-29,02:30,177442,297083
2020-10-29,02:40,184382,156344
2020-10-29,02:50,190678,132151
2020-10-29,03:00,198916,131632
2020-10-29,03:10,210928,126174
2020-10-29,03:20,221048,123471
2020-10-29,03:30,230311,116875
2020-10-29,03:40,239213,113995
2020-10-29,03:50,246490,116404
2020-10-29,04:00,251747,122919
2020-10-29,04:10,257880,244867
2020-10-29,04:20,263707,314742
2020-10-29,04:30,267590,342305
2020-10-29,04:40,270191,354671
2020-10-29,04:50,271017,349099
2020-10-29,05:00,270475,388969
2020-10-29,05:10,265905,373712
2020-10-29,05:20,261848,373647
2020-10-29,05:30,257273,357158
2020-10-29,05:40,251538,354786
2020-10-29,05:50,244912,294606
2020-10-29,06:00,238346,296120
2020-10-29,06:10,230757,305791
2020-10-29,06:20,223813,292356
2020-10-29,06:30,216602,217370
2020-10-29,06:40,209661,242454
2020-10-29,06:50,202407,231009
2020-10-29,07:00,195032,221652
2020-10-29,07:10,187339,216828
2020-10-29,07:20,181094,215120
2020-10-29,07:30,176019,216335
2020-10-29,07:40,171794,129153
2020-10-29,07:50,168643,128497
2020-10-29,08:00,166723,126348
2020-10-29,08:10,164426,113659
2020-10-29,08:20,164436,92485
2020-10-29,08:30,164900,85560
2020-10-29,08:40,166405,100539
2020-10-29,08:50,168234,99578
2020-10-29,09:00,169808,97637
2020-10-29,09:10,171607,93556
2020-10-29,09:20,174440,96306
2020-10-29,09:30,176951,77538
2020-10-29,09:40,179655,93361
2020-10-29,09:50,181577,104903
2020-10-29,10:00,181981,115642
2020-10-29,10:10,182517,171244
2020-10-29,10:20,184288,187572
2020-10-29,10:30,183915,195201
2020-10-29,10:40,183875,198383
2020-10-29,10:50,182509,204903
2020-10-29,11:00,179799,202951
2020-10-29,11:10,176110,201353
2020-10-29,11:20,173180,198646
2020-10-29,11:30,170385,231621
2020-10-29,11:40,166865,234761
2020-10-29,11:50,162877,224805
2020-10-29,12:00,157831,295691
2020-10-29,12:10,151519,296760
2020-10-29,12:20,146227,292900
2020-10-29,12:30,140781,290183
2020-10-29,12:40,134966,292304
2020-10-29,12:50,129705,278880
2020-10-29,13:00,124447,282142
2020-10-29,13:10,117672,233576
2020-10-29,13:20,112148,223414
2020-10-29,13:30,107203,218439
2020-10-29,13:40,101981,207912
2020-10-29,13:50,97519,203742
2020-10-29,14:00,93062,203362
2020-10-29,14:10,87951,195075
2020-10-29,14:20,84060,126498
2020-10-29,14:30,80866,125523
2020-10-29,14:40,77389,51001
2020-10-29,14:50,74394,51971
2020-10-29,15:00,71565,47297
2020-10-29,15:10,68732,47791
2020-10-29,15:20,66616,48217
2020-10-29,15:30,65377,46400
2020-10-29,15:40,63993,39264
2020-10-29,15:50,63324,38489
2020-10-29,16:00,62413,37860
2020-10-29,16:10,61022,37585
2020-10-29,16:20,60790,37268
2020-10-29,16:30,60681,37589
2020-10-29,16:40,61696,35160
2020-10-29,16:50,61739,34959
2020-10-29,17:00,61717,35214
2020-10-29,17:10,61998,34294
2020-10-29,17:20,62550,35158
2020-10-29,17:30,63902,34972
2020-10-29,17:40,64973,34102
2020-10-29,17:50,65111,34502
2020-10-29,18:00,65344,35941
2020-10-29,18:10,66669,35535
2020-10-29,18:20,68647,35492
2020-10-29,18:30,70144,35142
2020-10-29,18:40,71410,36030
2020-10-29,18:50,71315,37097
2020-10-29,19:00,71588,37831
2020-10-29,19:10,72338,38573
2020-10-29,19:20,73635,39112
2020-10-29,19:30,74911,39920
2020-10-29,19:40,75686,46928
2020-10-29,19:50,76423,49394
2020-10-29,20:00,77275,46791
2020-10-29,20:10,79208,48813
2020-10-29,20:20,81212,48681
2020-10-29,20:30,83352,48857
2020-10-29,20:40,85241,50822
2020-10-29,20:50,87304,49730
2020-10-29,21:00,88717,58825
2020-10-29,21:10,91268,60284
2020-10-29,21:20,93808,53236
2020-10-29,21:30,96522,51653
2020-10-29,21:40,99133,50742
2020-10-29,21:50,101743,51755
2020-10-29,22:00,103819,54240
2020-10-29,22:10,106679,54125
2020-10-29,22:20,109243,51030
2020-10-29,22:30,111286,39365
2020-10-29,22:40,114249,40769
2020-10-29,22:50,116909,41872
2020-10-29,23:00,117624,49792
2020-10-29,23:10,119331,56149
2020-10-29,23:20,121766,61073
2020-10-29,23:30,123492,70999
2020-10-29,23:40,124428,78463
2020-10-29,23:50,124368,124050
2020-10-30,00:00,124724,145280
2020-10-30,00:10,125482,162496
2020-10-30,00:20,127055,190861
2020-10-30,00:30,128462,203038
2020-10-30,00:40,130448,203054
2020-10-30,00:50,132179,216946
2020-10-30,01:00,133470,218844
2020-10-30,01:10,136381,224310
2020-10-30,01:20,139160,210819
2020-10-30,01:30,142038,201823
2020-10-30,01:40,145554,194553
2020-10-30,01:50,148558,192463
2020-10-30,02:00,152707,211757
2020-10-30,02:10,158706,218574
2020-10-30,02:20,165002,223530
2020-10-30,02:30,171934,214027
2020-10-30,02:40,178858,216798
2020-10-30,02:50,186146,212025
2020-10-30,03:00,194378,139338
2020-10-30,03:10,200469,203317
2020-10-30,03:20,209469,210810
2020-10-30,03:30,209262,209429
2020-10-30,03:40,225063,215208
2020-10-30,03:50,237056,230568
2020-10-30,04:00,246528,251903
2020-10-30,04:10,256812,312643
2020-10-30,04:20,263740,328101
2020-10-30,04:30,267765,326584
2020-10-30,04:40,270832,329688
2020-10-30,04:50,271670,329658
2020-10-30,05:00,270983,330929
2020-10-30,05:10,267409,334919
2020-10-30,05:20,263112,424936
2020-10-30,05:30,256738,419078
2020-10-30,05:40,251087,383959
2020-10-30,05:50,246013,377656
2020-10-30,06:00,240309,374376
2020-10-30,06:10,232267,314377
2020-10-30,06:20,225274,285034
2020-10-30,06:30,217975,280707
2020-10-30,06:40,210903,277301
2020-10-30,06:50,203068,254092
2020-10-30,07:00,195429,259478
2020-10-30,07:10,187689,144273
2020-10-30,07:20,182104,128619
2020-10-30,07:30,160409,135017
2020-10-30,07:40,170114,136462
2020-10-30,07:50,167048,136274
2020-10-30,08:00,164905,129254
2020-10-30,08:10,163532,132155
2020-10-30,08:20,162703,127552
2020-10-30,08:30,163061,115392
2020-10-30,08:40,164522,120154
2020-10-30,08:50,165784,116446
2020-10-30,09:00,167157,119308
2020-10-30,09:10,170079,119896
2020-10-30,09:20,173045,123084
2020-10-30,09:30,174628,108084
2020-10-30,09:40,176742,114981
2020-10-30,09:50,178459,116095
2020-10-30,10:00,178632,112432
2020-10-30,10:10,178461,113353
2020-10-30,10:20,178645,119500
2020-10-30,10:30,178653,113362
2020-10-30,10:40,177576,112453
2020-10-30,10:50,176437,104226
2020-10-30,11:00,173955,99000
2020-10-30,11:10,170110,94488
2020-10-30,11:20,167633,96871
2020-10-30,11:30,164560,94846
2020-10-30,11:40,161032,89886
2020-10-30,11:50,157065,88051
2020-10-30,12:00,152215,87139
2020-10-30,12:10,146056,83239
2020-10-30,12:20,141037,100229
2020-10-30,12:30,136325,99390
2020-10-30,12:40,131648,99626
2020-10-30,12:50,127213,98327
2020-10-30,13:00,121919,96991
2020-10-30,13:10,115326,94335
2020-10-30,13:20,109288,87703
2020-10-30,13:30,104814,82758
2020-10-30,13:40,100818,71755
2020-10-30,13:50,96416,67657
2020-10-30,14:00,92092,64838
2020-10-30,14:10,87240,58891
2020-10-30,14:20,83074,57776
2020-10-30,14:30,79785,51960
2020-10-30,14:40,76612,49303
2020-10-30,14:50,73626,40431
2020-10-30,15:00,70680,41207
2020-10-30,15:10,67744,39903
2020-10-30,15:20,65937,42371
2020-10-30,15:30,64278,35994
2020-10-30,15:40,63156,34116
2020-10-30,15:50,61725,32229
2020-10-30,16:00,59984,27748
2020-10-30,16:10,59018,25728
2020-10-30,16:20,58497,25590
2020-10-30,16:30,59176,25616
2020-10-30,16:40,60110,25500
2020-10-30,16:50,60179,24960
2020-10-30,17:00,60117,23524
2020-10-30,17:10,60839,25757
2020-10-30,17:20,61718,24294
2020-10-30,17:30,62775,23930
2020-10-30,17:40,63854,24553
2020-10-30,17:50,64105,23793
2020-10-30,18:00,64807,23874
2020-10-30,18:10,66168,24727
2020-10-30,18:20,67858,25700
2020-10-30,18:30,69427,26282
2020-10-30,18:40,70940,27898
2020-10-30,18:50,71615,24720
2020-10-30,19:00,72154,26413
2020-10-30,19:10,72882,28813
2020-10-30,19:20,74351,30000
2020-10-30,19:30,75972,30035
2020-10-30,19:40,77160,31531
2020-10-30,19:50,77991,32907
2020-10-30,20:00,78923,32270
2020-10-30,20:10,80879,28573
2020-10-30,20:20,82970,30482
2020-10-30,20:30,84293,25238
2020-10-30,20:40,85229,26345
2020-10-30,20:50,87859,27643
2020-10-30,21:00,90558,31254
2020-10-30,21:10,93691,40272
2020-10-30,21:20,96833,42617
2020-10-30,21:30,99575,46734
2020-10-30,21:40,102616,63092
2020-10-30,21:50,105297,66217
2020-10-30,22:00,108085,57327
2020-10-30,22:10,111207,61007
2020-10-30,22:20,114047,62974
2020-10-30,22:30,117036,65670
2020-10-30,22:40,119740,57270
2020-10-30,22:50,122443,60370
2020-10-30,23:00,123954,89880
2020-10-30,23:10,126533,138246
2020-10-30,23:20,128731,134485
2020-10-30,23:30,130132,157225
2020-10-30,23:40,131740,180969
2020-10-30,23:50,133250,192179
2020-10-31,00:00,134721,226645
2020-10-31,00:10,137108,252144
2020-10-31,00:20,139224,256018
2020-10-31,00:30,140982,257571
2020-10-31,00:40,142856,269432
2020-10-31,00:50,144612,288676
2020-10-31,01:00,145485,306151
2020-10-31,01:10,147756,301368
2020-10-31,01:20,149156,320782
2020-10-31,01:30,151040,327414
2020-10-31,01:40,154372,334555
2020-10-31,01:50,157836,327127
2020-10-31,02:00,161250,334103
2020-10-31,02:10,166922,340841
2020-10-31,02:20,172115,344838
2020-10-31,02:30,177988,331416
2020-10-31,02:40,183516,367447
2020-10-31,02:50,189050,285854
2020-10-31,03:00,197253,342318
2020-10-31,03:10,208388,372751
2020-10-31,03:20,218529,302547
2020-10-31,03:30,228420,308794
2020-10-31,03:40,238988,309452
2020-10-31,03:50,248711,311673
2020-10-31,04:00,260330,292143
2020-10-31,04:10,273715,283593
2020-10-31,04:20,284575,281212
2020-10-31,04:30,293313,280807
2020-10-31,04:40,301701,274747
2020-10-31,04:50,307018,268913
2020-10-31,05:00,310341,265798
2020-10-31,05:10,313184,234995
2020-10-31,05:20,314906,233767
2020-10-31,05:30,314749,221206
2020-10-31,05:40,314011,202857
2020-10-31,05:50,311197,210252
2020-10-31,06:00,306352,183585
2020-10-31,06:10,300150,176720
2020-10-31,06:20,293796,160920
2020-10-31,06:30,285724,148214
2020-10-31,06:40,277510,147421
2020-10-31,06:50,269277,166628
2020-10-31,07:00,259446,165722
2020-10-31,07:10,248811,158603
2020-10-31,07:20,239861,154827
2020-10-31,07:30,230815,148967
2020-10-31,07:40,223305,154758
2020-10-31,07:50,215684,157471
2020-10-31,08:00,209320,157929
2020-10-31,08:10,203624,159832
2020-10-31,08:20,200057,161779
2020-10-31,08:30,197038,150381
2020-10-31,08:40,194553,148492
2020-10-31,08:50,193091,112114
2020-10-31,09:00,193123,114658
2020-10-31,09:10,195023,116310
2020-10-31,09:20,197144,114323
2020-10-31,09:30,199293,112528
2020-10-31,09:40,202155,124755
2020-10-31,09:50,205047,118364
2020-10-31,10:00,207022,111098
2020-10-31,10:10,210408,110432
2020-10-31,10:20,213180,109271
2020-10-31,10:30,215151,102186
2020-10-31,10:40,217030,99256
2020-10-31,10:50,217539,96149
2020-10-31,11:00,217635,96347
2020-10-31,11:10,216602,91525
2020-10-31,11:20,215510,93175
2020-10-31,11:30,213985,89724
2020-10-31,11:40,211496,91329
2020-10-31,11:50,208377,90813
2020-10-31,12:00,204294,87505
2020-10-31,12:10,198912,86978
2020-10-31,12:20,194134,85534
2020-10-31,12:30,188751,74524
2020-10-31,12:40,183888,72065
2020-10-31,12:50,178072,68323
2020-10-31,13:00,172196,72544
2020-10-31,13:10,165216,69326
2020-10-31,13:20,159027,65764
2020-10-31,13:30,152500,63314
2020-10-31,13:40,145936,60723
2020-10-31,13:50,139357,57832
2020-10-31,14:00,132091,57289
2020-10-31,14:10,125229,55031
2020-10-31,14:20,118953,52579
2020-10-31,14:30,112825,48120
2020-10-31,14:40,107110,46976
2020-10-31,14:50,101911,46132
2020-10-31,15:00,97233,40745
2020-10-31,15:10,92265,36027
2020-10-31,15:20,87880,37385
2020-10-31,15:30,83952,38364
2020-10-31,15:40,81191,37408
2020-10-31,15:50,78366,36217
2020-10-31,16:00,75724,36140
2020-10-31,16:10,72767,34822
2020-10-31,16:20,70586,33974
2020-10-31,16:30,69176,32227
2020-10-31,16:40,67983,32540
2020-10-31,16:50,66933,32056
2020-10-31,17:00,66272,31447
2020-10-31,17:10,65620,33482
2020-10-31,17:20,65326,32616
2020-10-31,17:30,65269,31714
2020-10-31,17:40,65430,32616
2020-10-31,17:50,65788,32769
2020-10-31,18:00,65755,33866
2020-10-31,18:10,66302,32854
2020-10-31,18:20,66917,33180
2020-10-31,18:30,67755,33316
2020-10-31,18:40,68467,32838
2020-10-31,18:50,69485,32122
2020-10-31,19:00,70280,33183
2020-10-31,19:10,71446,33736
2020-10-31,19:20,72684,33275
2020-10-31,19:30,74229,31869
2020-10-31,19:40,75517,32454
2020-10-31,19:50,76899,32732
2020-10-31,20:00,78338,33720
2020-10-31,20:10,80029,33857
2020-10-31,20:20,81544,28225
2020-10-31,20:30,83594,27713
2020-10-31,20:40,85136,28031
2020-10-31,20:50,86576,27852
2020-10-31,21:00,88474,30899
2020-10-31,21:10,91084,31400
2020-10-31,21:20,93459,32479
2020-10-31,21:30,96693,35190
2020-10-31,21:40,99115,36197
2020-10-31,21:50,101351,36458
2020-10-31,22:00,103723,36490
2020-10-31,22:10,106940,30688
2020-10-31,22:20,111209,33375
2020-10-31,22:30,114945,33761
2020-10-31,22:40,118640,34050
2020-10-31,22:50,121651,44222
2020-10-31,23:00,124417,38991
2020-10-31,23:10,127539,46187
2020-10-31,23:20,130131,51184
2020-10-31,23:30,132435,61336
2020-10-31,23:40,134752,67467
2020-10-31,23:50,136261,69930
2020-11-01,00:00,137785,76891
2020-11-01,00:10,139897,79994
2020-11-01,00:20,141660,80399
2020-11-01,00:30,143536,83255
2020-11-01,00:40,145431,86830
2020-11-01,00:50,147397,100386
2020-11-01,01:00,148205,101164
2020-11-01,01:10,149408,101114
2020-11-01,01:20,153266,94300
2020-11-01,01:30,155795,106536
2020-11-01,01:40,158274,104613
2020-11-01,01:50,160693,108498
2020-11-01,02:00,163543,149922
2020-11-01,02:10,167466,177667
2020-11-01,02:20,170807,183009
2020-11-01,02:30,174495,208900
2020-11-01,02:40,178835,206468
2020-11-01,02:50,182202,210443
2020-11-01,03:00,188540,198404
2020-11-01,03:10,195936,191329
2020-11-01,03:20,203444,209209
2020-11-01,03:30,211420,196384
2020-11-01,03:40,219709,197929
2020-11-01,03:50,227262,193188
2020-11-01,04:00,236993,203442
2020-11-01,04:10,247631,108390
2020-11-01,04:20,256327,127454
2020-11-01,04:30,263333,135546
2020-11-01,04:40,269478,134078
2020-11-01,04:50,273769,138226
2020-11-01,05:00,276949,141205
2020-11-01,05:10,279946,134835
2020-11-01,05:20,281316,132548
2020-11-01,05:30,281124,112187
2020-11-01,05:40,277709,87285
2020-11-01,05:50,275805,94592
2020-11-01,06:00,273728,96700
2020-11-01,06:10,270032,103094
2020-11-01,06:20,266174,98363
2020-11-01,06:30,260872,94228
2020-11-01,06:40,253937,80791
2020-11-01,06:50,246038,79553
2020-11-01,07:00,237163,77939
2020-11-01,07:10,223320,78535
2020-11-01,07:20,211427,75671
2020-11-01,07:30,205015,69392
2020-11-01,07:40,199397,72307
2020-11-01,07:50,192366,75617
2020-11-01,08:00,186173,77161
2020-11-01,08:10,180705,78825
2020-11-01,08:20,176442,77211
2020-11-01,08:30,171708,70061
2020-11-01,08:40,168627,65674
2020-11-01,08:50,166471,65600
2020-11-01,09:00,164036,64268
2020-11-01,09:10,162375,67828
2020-11-01,09:20,162355,67531
2020-11-01,09:30,162042,72853
2020-11-01,09:40,162740,73175
2020-11-01,09:50,163733,72981
2020-11-01,10:00,164180,96673
2020-11-01,10:10,165630,101631
2020-11-01,10:20,166904,101741
2020-11-01,10:30,167748,104708
2020-11-01,10:40,168611,104523
2020-11-01,10:50,169499,113416
2020-11-01,11:00,169244,116271
2020-11-01,11:10,168497,109919
2020-11-01,11:20,168366,108746
2020-11-01,11:30,167300,108411
2020-11-01,11:40,166303,108930
2020-11-01,11:50,164672,114991
2020-11-01,12:00,162382,113800
2020-11-01,12:10,159299,110295
2020-11-01,12:20,156602,154300
2020-11-01,12:30,154023,168188
2020-11-01,12:40,150652,171153
2020-11-01,12:50,147316,175642
2020-11-01,13:00,143231,178425
2020-11-01,13:10,138606,183463
2020-11-01,13:20,134374,181066
2020-11-01,13:30,130495,182249
2020-11-01,13:40,125630,177396
2020-11-01,13:50,121823,175595
2020-11-01,14:00,117278,172571
2020-11-01,14:10,112698,165329
2020-11-01,14:20,108723,157305
2020-11-01,14:30,105117,156160
2020-11-01,14:40,101502,142536
2020-11-01,14:50,97916,79588
2020-11-01,15:00,94470,67482
2020-11-01,15:10,91086,67204
2020-11-01,15:20,88077,64880
2020-11-01,15:30,85501,64612
2020-11-01,15:40,82987,63304
2020-11-01,15:50,80745,61300
2020-11-01,16:00,78626,57497
2020-11-01,16:10,76529,55235
2020-11-01,16:20,74756,53777
2020-11-01,16:30,73308,60149
2020-11-01,16:40,72120,54767
2020-11-01,16:50,71326,56160
2020-11-01,17:00,70738,60597
2020-11-01,17:10,70241,61680
2020-11-01,17:20,69570,61884
2020-11-01,17:30,70094,65777
2020-11-01,17:40,71033,63947
2020-11-01,17:50,71539,64810
2020-11-01,18:00,72194,65505
2020-11-01,18:10,72870,68899
2020-11-01,18:20,73697,67996
2020-11-01,18:30,74302,67517
2020-11-01,18:40,75804,66673
2020-11-01,18:50,77255,68307
2020-11-01,19:00,78463,68043
2020-11-01,19:10,78362,68824
2020-11-01,19:20,79089,51421
2020-11-01,19:30,80327,51627
2020-11-01,19:40,81990,50763
2020-11-01,19:50,83726,44694
2020-11-01,20:00,85474,47852
2020-11-01,20:10,87304,46687
2020-11-01,20:20,89584,48895
2020-11-01,20:30,91822,49120
2020-11-01,20:40,94146,49605
2020-11-01,20:50,96515,51475
2020-11-01,21:00,99187,54396
2020-11-01,21:10,102331,61775
2020-11-01,21:20,105450,85042
2020-11-01,21:30,108216,81715
2020-11-01,21:40,111139,86659
2020-11-01,21:50,114608,91857
2020-11-01,22:00,118053,90154
2020-11-01,22:10,121494,84600
2020-11-01,22:20,124861,87022
2020-11-01,22:30,127468,85591
2020-11-01,22:40,130458,87483
2020-11-01,22:50,132759,86115
2020-11-01,23:00,134148,87062
2020-11-01,23:10,137056,90610
2020-11-01,23:20,139604,92463
2020-11-01,23:30,141910,100493
2020-11-01,23:40,144160,100131
2020-11-01,23:50,146249,114907
2020-11-02,00:00,147881,104992
2020-11-02,00:10,150359,110262
2020-11-02,00:20,152831,116953
2020-11-02,00:30,154375,121172
2020-11-02,00:40,156136,122918
2020-11-02,00:50,158970,125333
2020-11-02,01:00,161449,130775
2020-11-02,01:10,164887,133976
2020-11-02,01:20,167701,149342
2020-11-02,01:30,171080,173149
2020-11-02,01:40,174361,170284
2020-11-02,01:50,177322,173093
2020-11-02,02:00,181549,178975
2020-11-02,02:10,187437,181035
2020-11-02,02:20,192671,180107
2020-11-02,02:30,198648,181137
2020-11-02,02:40,205308,181025
2020-11-02,02:50,212023,177187
2020-11-02,03:00,216203,177705
2020-11-02,03:10,224413,175859
2020-11-02,03:20,232770,172511
2020-11-02,03:30,241856,171990
2020-11-02,03:40,253402,167703
2020-11-02,03:50,261559,166602
2020-11-02,04:00,269332,229133
2020-11-02,04:10,278183,337936
2020-11-02,04:20,283963,362534
2020-11-02,04:30,286187,432768
2020-11-02,04:40,286721,437429
2020-11-02,04:50,286200,395779
2020-11-02,05:00,282293,404337
2020-11-02,05:10,275700,415658
2020-11-02,05:20,269724,460370
2020-11-02,05:30,263593,458873
2020-11-02,05:40,254703,444517
2020-11-02,05:50,246993,342115
2020-11-02,06:00,237740,287137
2020-11-02,06:10,226867,274023
2020-11-02,06:20,217322,259622
2020-11-02,06:30,207708,240335
2020-11-02,06:40,198181,184150
2020-11-02,06:50,189203,172825
2020-11-02,07:00,180279,159799
2020-11-02,07:10,171970,159412
2020-11-02,07:20,165269,157568
2020-11-02,07:30,159393,152628
2020-11-02,07:40,154334,188534
2020-11-02,07:50,150607,203000
2020-11-02,08:00,146926,190445
2020-11-02,08:10,144951,181266
2020-11-02,08:20,144054,177014
2020-11-02,08:30,143697,176991
2020-11-02,08:40,144104,179269
2020-11-02,08:50,144977,179908
2020-11-02,09:00,146972,139189
2020-11-02,09:10,150166,141640
2020-11-02,09:20,153143,131089
2020-11-02,09:30,156434,136694
2020-11-02,09:40,159770,138458
2020-11-02,09:50,162700,142768
2020-11-02,10:00,165275,145369
2020-11-02,10:10,168959,145509
2020-11-02,10:20,171202,144925
2020-11-02,10:30,172617,149686
2020-11-02,10:40,173212,147250
2020-11-02,10:50,173362,147693
2020-11-02,11:00,171924,130930
2020-11-02,11:10,169839,121084
2020-11-02,11:20,168429,117074
2020-11-02,11:30,166434,111568
2020-11-02,11:40,163325,111103
2020-11-02,11:50,160151,100970
2020-11-02,12:00,156094,100863
2020-11-02,12:10,151060,96776
2020-11-02,12:20,146478,93833
2020-11-02,12:30,142449,93587
2020-11-02,12:40,137854,84343
2020-11-02,12:50,133698,81810
2020-11-02,13:00,128815,67046
2020-11-02,13:10,123113,66586
2020-11-02,13:20,118817,66006
2020-11-02,13:30,114376,64898
2020-11-02,13:40,109609,66388
2020-11-02,13:50,105666,61611
2020-11-02,14:00,100934,62635
2020-11-02,14:10,95822,63386
2020-11-02,14:20,91410,60050
2020-11-02,14:30,87406,107383
2020-11-02,14:40,83668,106969
2020-11-02,14:50,80391,106586
2020-11-02,15:00,77435,104041
2020-11-02,15:10,74421,100775
2020-11-02,15:20,71852,100141
2020-11-02,15:30,69878,104199
2020-11-02,15:40,68414,107634
2020-11-02,15:50,67007,105307
2020-11-02,16:00,65254,101045
2020-11-02,16:10,63919,96987
2020-11-02,16:20,62774,96322
2020-11-02,16:30,62067,40382
2020-11-02,16:40,61691,34982
2020-11-02,16:50,61422,34914
2020-11-02,17:00,60912,36344
2020-11-02,17:10,60678,38755
2020-11-02,17:20,61119,35317
2020-11-02,17:30,61236,33119
2020-11-02,17:40,61834,32508
2020-11-02,17:50,62163,33208
2020-11-02,18:00,62228,34332
2020-11-02,18:10,62967,35514
2020-11-02,18:20,63910,36243
2020-11-02,18:30,65138,39705
2020-11-02,18:40,66041,37601
2020-11-02,18:50,66179,37689
2020-11-02,19:00,66195,37857
2020-11-02,19:10,66868,40037
2020-11-02,19:20,67683,43727
2020-11-02,19:30,68162,42048
2020-11-02,19:40,69086,45629
2020-11-02,19:50,69679,41156
2020-11-02,20:00,70190,45188
2020-11-02,20:10,71907,45272
2020-11-02,20:20,73524,56157
2020-11-02,20:30,75100,51390
2020-11-02,20:40,76856,54260
2020-11-02,20:50,78236,47406
2020-11-02,21:00,80012,50792
2020-11-02,21:10,82119,52671
2020-11-02,21:20,84654,49110
2020-11-02,21:30,86636,52162
2020-11-02,21:40,89020,51467
2020-11-02,21:50,90756,56408
2020-11-02,22:00,92288,64505
2020-11-02,22:10,94297,61724
2020-11-02,22:20,96354,59576
2020-11-02,22:30,98212,56606
2020-11-02,22:40,100343,53862
2020-11-02,22:50,102082,56180
2020-11-02,23:00,102989,41248
2020-11-02,23:10,104850,45560
2020-11-02,23:20,106519,45597
2020-11-02,23:30,108361,45823
2020-11-02,23:40,110428,43442
2020-11-02,23:50,112109,44743
2020-11-03,00:00,113105,52938
2020-11-03,00:10,115450,89460
2020-11-03,00:20,118137,110587
2020-11-03,00:30,119972,120587
2020-11-03,00:40,122406,130256
2020-11-03,00:50,124708,135521
2020-11-03,01:00,127130,136038
2020-11-03,01:10,130286,137048
2020-11-03,01:20,133212,131417
2020-11-03,01:30,136221,146908
2020-11-03,01:40,140017,145855
2020-11-03,01:50,144497,148418
2020-11-03,02:00,149459,150947
2020-11-03,02:10,155435,163311
2020-11-03,02:20,161234,164928
2020-11-03,02:30,167366,163809
2020-11-03,02:40,173879,164596
2020-11-03,02:50,180592,158699
2020-11-03,03:00,191171,174549
2020-11-03,03:10,202806,187798
2020-11-03,03:20,213006,197246
2020-11-03,03:30,222493,240676
2020-11-03,03:40,231765,248925
2020-11-03,03:50,239019,240429
2020-11-03,04:00,246881,244931
2020-11-03,04:10,254917,335785
2020-11-03,04:20,260695,430969
2020-11-03,04:30,263225,474778
2020-11-03,04:40,263970,490578
2020-11-03,04:50,262996,482426
2020-11-03,05:00,259357,434519
2020-11-03,05:10,252907,427673
2020-11-03,05:20,247195,438059
2020-11-03,05:30,240349,435475
2020-11-03,05:40,232516,416276
2020-11-03,05:50,224118,463073
2020-11-03,06:00,215839,443844
2020-11-03,06:10,205234,424092
2020-11-03,06:20,195734,369821
2020-11-03,06:30,187082,377674
2020-11-03,06:40,177838,375594
2020-11-03,06:50,169503,374187
2020-11-03,07:00,161451,336286
2020-11-03,07:10,153589,219162
2020-11-03,07:20,147670,194609
2020-11-03,07:30,142046,147160
2020-11-03,07:40,137642,143294
2020-11-03,07:50,134717,140903
2020-11-03,08:00,132351,207460
2020-11-03,08:10,130480,195575
2020-11-03,08:20,130277,189524
2020-11-03,08:30,130687,197455
2020-11-03,08:40,131750,202403
2020-11-03,08:50,133025,199181
2020-11-03,09:00,135603,210513
2020-11-03,09:10,138495,214479
2020-11-03,09:20,141260,217505
2020-11-03,09:30,145135,225734
2020-11-03,09:40,149411,195882
2020-11-03,09:50,153416,181243
2020-11-03,10:00,156525,191653
2020-11-03,10:10,160095,175514
2020-11-03,10:20,163676,173841
2020-11-03,10:30,166146,181082
2020-11-03,10:40,168281,184253
2020-11-03,10:50,169129,188526
2020-11-03,11:00,168815,193608
2020-11-03,11:10,167594,192619
2020-11-03,11:20,167188,184284
2020-11-03,11:30,166168,190250
2020-11-03,11:40,164089,187445
2020-11-03,11:50,161362,110528
2020-11-03,12:00,158204,119646
2020-11-03,12:10,153811,114722
2020-11-03,12:20,150307,102412
2020-11-03,12:30,146200,99305
2020-11-03,12:40,142559,99926
2020-11-03,12:50,138488,100269
2020-11-03,13:00,133889,102455
2020-11-03,13:10,128121,101132
2020-11-03,13:20,123131,100472
2020-11-03,13:30,118760,99558
2020-11-03,13:40,114370,95749
2020-11-03,13:50,110033,91708
2020-11-03,14:00,104743,81785
2020-11-03,14:10,99299,86086
2020-11-03,14:20,95154,85312
2020-11-03,14:30,91339,84985
2020-11-03,14:40,87486,82093
2020-11-03,14:50,84257,78773
2020-11-03,15:00,80836,80906
2020-11-03,15:10,77300,41308
2020-11-03,15:20,75026,39440
2020-11-03,15:30,72781,38390
2020-11-03,15:40,70984,37035
2020-11-03,15:50,69489,34890
2020-11-03,16:00,67647,32378
2020-11-03,16:10,66063,32066
2020-11-03,16:20,64894,23483
2020-11-03,16:30,64215,26092
2020-11-03,16:40,64821,25345
2020-11-03,16:50,64788,26456
2020-11-03,17:00,64674,26931
2020-11-03,17:10,64660,27711
2020-11-03,17:20,64718,28530
2020-11-03,17:30,64963,28680
2020-11-03,17:40,65328,29180
2020-11-03,17:50,64926,31957
2020-11-03,18:00,64630,31178
2020-11-03,18:10,64901,30866
2020-11-03,18:20,65962,39100
2020-11-03,18:30,67055,38988
2020-11-03,18:40,67434,40527
2020-11-03,18:50,67190,39102
2020-11-03,19:00,67030,41464
2020-11-03,19:10,66690,44272
2020-11-03,19:20,67096,44064
2020-11-03,19:30,68001,43296
2020-11-03,19:40,68315,44251
2020-11-03,19:50,68795,47213
2020-11-03,20:00,70236,48012
2020-11-03,20:10,71251,48585
2020-11-03,20:20,73034,48976
2020-11-03,20:30,74850,51755
2020-11-03,20:40,76854,54918
2020-11-03,20:50,78635,57034
2020-11-03,21:00,80200,66695
2020-11-03,21:10,82583,76723
2020-11-03,21:20,85292,74630
2020-11-03,21:30,87550,75438
2020-11-03,21:40,89862,74544
2020-11-03,21:50,92257,73920
2020-11-03,22:00,93831,77868
2020-11-03,22:10,96310,68466
2020-11-03,22:20,98556,72510
2020-11-03,22:30,100471,71955
2020-11-03,22:40,102569,71794
2020-11-03,22:50,104141,73133
2020-11-03,23:00,105458,60874
2020-11-03,23:10,107225,85423
2020-11-03,23:20,109096,128148
2020-11-03,23:30,110438,154234
2020-11-03,23:40,112140,164382
2020-11-03,23:50,114375,176336
2020-11-04,00:00,116053,216045
2020-11-04,00:10,117890,273210
2020-11-04,00:20,120091,290324
2020-11-04,00:30,122848,337252
2020-11-04,00:40,125422,359638
2020-11-04,00:50,128390,373316
2020-11-04,01:00,130894,394860
2020-11-04,01:10,134761,408075
2020-11-04,01:20,138569,421650
2020-11-04,01:30,142576,413674
2020-11-04,01:40,146955,421984
2020-11-04,01:50,151558,418559
2020-11-04,02:00,155956,441478
2020-11-04,02:10,162026,407536
2020-11-04,02:20,168849,403198
2020-11-04,02:30,174596,413050
2020-11-04,02:40,181598,402306
2020-11-04,02:50,188318,413282
2020-11-04,03:00,195203,341218
2020-11-04,03:10,206018,337479
2020-11-04,03:20,215935,352843
2020-11-04,03:30,224497,362386
2020-11-04,03:40,234358,292021
2020-11-04,03:50,242018,287203
2020-11-04,04:00,247294,293885
2020-11-04,04:10,253974,306720
2020-11-04,04:20,259092,351874
2020-11-04,04:30,262559,373014
2020-11-04,04:40,264004,350344
2020-11-04,04:50,263634,360390
2020-11-04,05:00,262103,364740
2020-11-04,05:10,256910,353703
2020-11-04,05:20,251249,363504
2020-11-04,05:30,245079,354102
2020-11-04,05:40,237317,340506
2020-11-04,05:50,229778,337664
2020-11-04,06:00,221842,349697
2020-11-04,06:10,212789,342418
2020-11-04,06:20,204625,324124
2020-11-04,06:30,196603,319461
2020-11-04,06:40,188456,312185
2020-11-04,06:50,180457,305175
2020-11-04,07:00,172752,247554
2020-11-04,07:10,164141,227053
2020-11-04,07:20,157260,199738
2020-11-04,07:30,70277,191692
2020-11-04,07:40,121892,189115
2020-11-04,07:50,141327,164024
2020-11-04,08:00,138768,119983
2020-11-04,08:10,135935,102691
2020-11-04,08:20,134204,97618
2020-11-04,08:30,133019,84292
2020-11-04,08:40,133955,98622
2020-11-04,08:50,134842,98490
2020-11-04,09:00,136249,98486
2020-11-04,09:10,137937,107071
2020-11-04,09:20,140565,88789
2020-11-04,09:30,143539,78440
2020-11-04,09:40,146415,68924
2020-11-04,09:50,148830,69300
2020-11-04,10:00,150680,70658
2020-11-04,10:10,152413,73756
2020-11-04,10:20,154787,111689
2020-11-04,10:30,156407,111290
2020-11-04,10:40,157738,112904
2020-11-04,10:50,158517,111902
2020-11-04,11:00,158390,117602
2020-11-04,11:10,156977,113869
2020-11-04,11:20,155454,108976
2020-11-04,11:30,154469,109810
2020-11-04,11:40,152459,107329
2020-11-04,11:50,150836,106767
2020-11-04,12:00,148144,106388
2020-11-04,12:10,144038,106764
2020-11-04,12:20,139921,72372
2020-11-04,12:30,136562,68298
2020-11-04,12:40,132971,87091
2020-11-04,12:50,129113,84343
2020-11-04,13:00,124910,71425
2020-11-04,13:10,119947,70134
2020-11-04,13:20,115483,73308
2020-11-04,13:30,111396,69446
2020-11-04,13:40,107430,58830
2020-11-04,13:50,103079,56327
2020-11-04,14:00,98796,53448
2020-11-04,14:10,94097,53051
2020-11-04,14:20,90625,53297
2020-11-04,14:30,86980,45676
2020-11-04,14:40,83679,38774
2020-11-04,14:50,80632,35223
2020-11-04,15:00,77519,25728
2020-11-04,15:10,74590,23185
2020-11-04,15:20,72093,22887
2020-11-04,15:30,69994,20691
2020-11-04,15:40,68253,20474
2020-11-04,15:50,67012,20668
2020-11-04,16:00,66034,21138
2020-11-04,16:10,64277,23589
2020-11-04,16:20,63453,23322
2020-11-04,16:30,62908,20625
2020-11-04,16:40,62767,21428
2020-11-04,16:50,62811,21379
2020-11-04,17:00,62073,20686
2020-11-04,17:10,61187,21020
2020-11-04,17:20,61239,20922
2020-11-04,17:30,61854,22147
2020-11-04,17:40,62552,21240
2020-11-04,17:50,62492,21536
2020-11-04,18:00,62214,20557
2020-11-04,18:10,62315,18799
2020-11-04,18:20,62957,19369
2020-11-04,18:30,63994,18021
2020-11-04,18:40,64940,18035
2020-11-04,18:50,65106,18943
2020-11-04,19:00,64949,19714
2020-11-04,19:10,64900,19409
2020-11-04,19:20,65705,18831
2020-11-04,19:30,66930,18841
2020-11-04,19:40,67819,19401
2020-11-04,19:50,68425,19265
2020-11-04,20:00,69276,18757
2020-11-04,20:10,70786,17481
2020-11-04,20:20,72779,25078
2020-11-04,20:30,73905,20255
2020-11-04,20:40,76848,18701
2020-11-04,20:50,78795,21382
2020-11-04,21:00,80335,27069
2020-11-04,21:10,82295,22857
2020-11-04,21:20,84982,24429
2020-11-04,21:30,86916,31342
2020-11-04,21:40,88838,32866
2020-11-04,21:50,91075,44103
2020-11-04,22:00,92955,45114
2020-11-04,22:10,94620,46991
2020-11-04,22:20,97034,47520
2020-11-04,22:30,99009,47499
2020-11-04,22:40,101042,46400
2020-11-04,22:50,103200,44926
2020-11-04,23:00,104211,45010
2020-11-04,23:10,105094,38741
2020-11-04,23:20,106907,40244
2020-11-04,23:30,107936,44270
2020-11-04,23:40,109433,30869
2020-11-04,23:50,110953,36263
2020-11-05,00:00,111984,42034
2020-11-05,00:10,113635,84980
2020-11-05,00:20,115922,113356
2020-11-05,00:30,117727,121915
2020-11-05,00:40,119025,134041
2020-11-05,00:50,118559,138437
2020-11-05,01:00,120200,139324
2020-11-05,01:10,124089,139890
2020-11-05,01:20,127405,144065
2020-11-05,01:30,130595,144425
2020-11-05,01:40,134125,147208
2020-11-05,01:50,137227,146079
2020-11-05,02:00,140598,139392
2020-11-05,02:10,146484,144984
2020-11-05,02:20,151955,144652
2020-11-05,02:30,156454,152071
2020-11-05,02:40,162511,157500
2020-11-05,02:50,169678,155288
2020-11-05,03:00,177598,134342
2020-11-05,03:10,188979,145057
2020-11-05,03:20,199509,144225
2020-11-05,03:30,207867,177884
2020-11-05,03:40,217235,146000
2020-11-05,03:50,223873,154701
2020-11-05,04:00,230553,144263
2020-11-05,04:10,239366,226480
2020-11-05,04:20,246189,231036
2020-11-05,04:30,250370,258558
2020-11-05,04:40,252647,282766
2020-11-05,04:50,253327,328455
2020-11-05,05:00,252080,336904
2020-11-05,05:10,246624,331012
2020-11-05,05:20,241782,336190
2020-11-05,05:30,234900,300692
2020-11-05,05:40,227274,288303
2020-11-05,05:50,220053,288296
2020-11-05,06:00,211861,287596
2020-11-05,06:10,202147,281185
2020-11-05,06:20,193186,271506
2020-11-05,06:30,185152,148271
2020-11-05,06:40,177229,97173
2020-11-05,06:50,168799,99300
2020-11-05,07:00,161349,121977
2020-11-05,07:10,152530,130684
2020-11-05,07:20,144984,150074
2020-11-05,07:30,139205,151442
2020-11-05,07:40,135050,152490
2020-11-05,07:50,131329,159942
2020-11-05,08:00,128730,160863
2020-11-05,08:10,126340,149729
2020-11-05,08:20,124927,148141
2020-11-05,08:30,124521,147263
2020-11-05,08:40,125058,145173
2020-11-05,08:50,126272,143459
2020-11-05,09:00,128036,128067
2020-11-05,09:10,130658,170708
2020-11-05,09:20,133273,184905
2020-11-05,09:30,136360,196239
2020-11-05,09:40,139845,206569
2020-11-05,09:50,143103,203115
2020-11-05,10:00,145530,216978
2020-11-05,10:10,148106,215196
2020-11-05,10:20,150552,212169
2020-11-05,10:30,152324,222135
2020-11-05,10:40,154061,226066
2020-11-05,10:50,155287,228317
2020-11-05,11:00,155562,226257
2020-11-05,11:10,154414,226947
2020-11-05,11:20,153104,230911
2020-11-05,11:30,152298,225529
2020-11-05,11:40,149838,217322
2020-11-05,11:50,148964,203970
2020-11-05,12:00,146385,192147
2020-11-05,12:10,142068,185307
2020-11-05,12:20,138339,232129
2020-11-05,12:30,135510,212880
2020-11-05,12:40,131884,210855
2020-11-05,12:50,128568,201133
2020-11-05,13:00,124098,198130
2020-11-05,13:10,118980,195638
2020-11-05,13:20,114375,203448
2020-11-05,13:30,110102,195664
2020-11-05,13:40,105869,189439
2020-11-05,13:50,101606,186318
2020-11-05,14:00,97599,186209
2020-11-05,14:10,93168,176583
2020-11-05,14:20,89179,109224
2020-11-05,14:30,85453,119746
2020-11-05,14:40,82038,108728
2020-11-05,14:50,79023,106705
2020-11-05,15:00,76102,91567
2020-11-05,15:10,72951,46369
2020-11-05,15:20,70783,34906
2020-11-05,15:30,68953,34200
2020-11-05,15:40,67109,35081
2020-11-05,15:50,65829,32590
2020-11-05,16:00,64598,31551
2020-11-05,16:10,62913,32600
2020-11-05,16:20,62014,32611
2020-11-05,16:30,60897,30893
2020-11-05,16:40,60785,33712
2020-11-05,16:50,60507,33400
2020-11-05,17:00,59909,32663
2020-11-05,17:10,59067,27800
2020-11-05,17:20,59037,27836
2020-11-05,17:30,59580,27969
2020-11-05,17:40,60176,29568
2020-11-05,17:50,60040,30694
2020-11-05,18:00,59949,31356
2020-11-05,18:10,60211,31779
2020-11-05,18:20,61300,31946
2020-11-05,18:30,62308,32649
2020-11-05,18:40,63125,34872
2020-11-05,18:50,63102,35785
2020-11-05,19:00,63411,38530
2020-11-05,19:10,63284,40704
2020-11-05,19:20,64396,42405
2020-11-05,19:30,65443,44904
2020-11-05,19:40,66224,49203
2020-11-05,19:50,66567,45650
2020-11-05,20:00,66959,57475
2020-11-05,20:10,68060,63465
2020-11-05,20:20,69180,64704
2020-11-05,20:30,70708,66638
2020-11-05,20:40,72629,69582
2020-11-05,20:50,74324,69372
2020-11-05,21:00,75448,70816
2020-11-05,21:10,77321,66825
2020-11-05,21:20,79596,67709
2020-11-05,21:30,81383,67566
2020-11-05,21:40,83611,68404
2020-11-05,21:50,85595,68167
2020-11-05,22:00,87153,72673
2020-11-05,22:10,88637,83009
2020-11-05,22:20,90678,87151
2020-11-05,22:30,92335,75056
2020-11-05,22:40,94109,77365
2020-11-05,22:50,95910,77766
2020-11-05,23:00,97070,66251
2020-11-05,23:10,98194,68578
2020-11-05,23:20,99648,59264
2020-11-05,23:30,100955,60709
2020-11-05,23:40,102428,59750
2020-11-05,23:50,104723,61496
2020-11-06,00:00,106288,66382
2020-11-06,00:10,108131,80881
2020-11-06,00:20,110482,116421
2020-11-06,00:30,112897,123252
2020-11-06,00:40,115750,135825
2020-11-06,00:50,118576,147843
2020-11-06,01:00,120916,150352
2020-11-06,01:10,124007,169645
2020-11-06,01:20,127526,177162
2020-11-06,01:30,130917,182860
2020-11-06,01:40,134870,186050
2020-11-06,01:50,138330,188385
2020-11-06,02:00,142325,198056
2020-11-06,02:10,147897,202992
2020-11-06,02:20,153673,201905
2020-11-06,02:30,159388,205030
2020-11-06,02:40,165687,196147
2020-11-06,02:50,172126,208861
2020-11-06,03:00,179488,209416
2020-11-06,03:10,191109,219707
2020-11-06,03:20,202412,255612
2020-11-06,03:30,212655,290065
2020-11-06,03:40,224059,346134
2020-11-06,03:50,232803,401309
2020-11-06,04:00,241021,659507
2020-11-06,04:10,251546,696147
2020-11-06,04:20,260411,669536
2020-11-06,04:30,265070,705421
2020-11-06,04:40,267455,719660
2020-11-06,04:50,268415,720883
2020-11-06,05:00,267159,765893
2020-11-06,05:10,261923,759599
2020-11-06,05:20,257782,753825
2020-11-06,05:30,251760,762810
2020-11-06,05:40,244463,687005
2020-11-06,05:50,236927,639925
2020-11-06,06:00,228026,657822
2020-11-06,06:10,217880,671245
2020-11-06,06:20,207644,668717
2020-11-06,06:30,198593,475107
2020-11-06,06:40,189531,471666
2020-11-06,06:50,180755,446022
2020-11-06,07:00,172110,414641
2020-11-06,07:10,162933,395211
2020-11-06,07:20,155263,377897
2020-11-06,07:30,148572,367551
2020-11-06,07:40,143024,332518
2020-11-06,07:50,138440,269743
2020-11-06,08:00,134497,240433
2020-11-06,08:10,131032,225017
2020-11-06,08:20,129248,229417
2020-11-06,08:30,128111,231016
2020-11-06,08:40,127877,236532
2020-11-06,08:50,128729,232334
2020-11-06,09:00,129272,259291
2020-11-06,09:10,131877,274124
2020-11-06,09:20,134879,277828
2020-11-06,09:30,135861,279581
2020-11-06,09:40,139573,198025
2020-11-06,09:50,142792,203532
2020-11-06,10:00,145018,205821
2020-11-06,10:10,147591,203262
2020-11-06,10:20,150273,189751
2020-11-06,10:30,152017,106308
2020-11-06,10:40,153640,107031
2020-11-06,10:50,154697,106226
2020-11-06,11:00,154976,106391
2020-11-06,11:10,154290,96144
2020-11-06,11:20,154220,94926
2020-11-06,11:30,153859,95179
2020-11-06,11:40,152804,95998
2020-11-06,11:50,151514,96535
2020-11-06,12:00,149576,95194
2020-11-06,12:10,146514,97390
2020-11-06,12:20,143287,94853
2020-11-06,12:30,139715,100349
2020-11-06,12:40,136327,105432
2020-11-06,12:50,132673,106589
2020-11-06,13:00,128768,103055
2020-11-06,13:10,123725,101900
2020-11-06,13:20,119582,97727
2020-11-06,13:30,115552,94599
2020-11-06,13:40,111463,98146
2020-11-06,13:50,107667,93590
2020-11-06,14:00,103458,83762
2020-11-06,14:10,98896,80321
2020-11-06,14:20,94631,67305
2020-11-06,14:30,90731,65198
2020-11-06,14:40,86928,61685
2020-11-06,14:50,83570,58585
2020-11-06,15:00,80481,51192
2020-11-06,15:10,76684,43399
2020-11-06,15:20,74211,35248
2020-11-06,15:30,71890,33238
2020-11-06,15:40,70080,33579
2020-11-06,15:50,68189,32875
2020-11-06,16:00,66441,31529
2020-11-06,16:10,64429,30384
2020-11-06,16:20,63278,30736
2020-11-06,16:30,62380,29948
2020-11-06,16:40,62035,30649
2020-11-06,16:50,61740,28879
2020-11-06,17:00,60677,27891
2020-11-06,17:10,59791,28173
2020-11-06,17:20,59951,28785
2020-11-06,17:30,60744,28881
2020-11-06,17:40,61353,28196
2020-11-06,17:50,61349,48531
2020-11-06,18:00,61489,52813
2020-11-06,18:10,61914,29905
2020-11-06,18:20,62973,48930
2020-11-06,18:30,63976,50471
2020-11-06,18:40,64860,67687
2020-11-06,18:50,65207,67051
2020-11-06,19:00,65408,37055
2020-11-06,19:10,65614,55878
2020-11-06,19:20,66707,90595
2020-11-06,19:30,67603,45684
2020-11-06,19:40,68698,40898
2020-11-06,19:50,69501,64678
2020-11-06,20:00,69989,72054
2020-11-06,20:10,71563,81296
2020-11-06,20:20,73378,63000
2020-11-06,20:30,75330,48512
2020-11-06,20:40,77088,50955
2020-11-06,20:50,79299,51622
2020-11-06,21:00,80738,46401
2020-11-06,21:10,83292,48820
2020-11-06,21:20,86300,48571
2020-11-06,21:30,88506,49652
2020-11-06,21:40,91345,50130
2020-11-06,21:50,93964,40844
2020-11-06,22:00,95397,41863
2020-11-06,22:10,97958,51952
2020-11-06,22:20,100520,56655
2020-11-06,22:30,103074,58284
2020-11-06,22:40,105465,58976
2020-11-06,22:50,107737,56783
2020-11-06,23:00,109186,57660
2020-11-06,23:10,111001,59085
2020-11-06,23:20,112791,59125
2020-11-06,23:30,114948,61931
2020-11-06,23:40,117308,63398
2020-11-06,23:50,119135,63526
2020-11-07,00:00,120764,79229
2020-11-07,00:10,123052,109268
2020-11-07,00:20,126082,120251
2020-11-07,00:30,128599,139989
2020-11-07,00:40,131942,135856
2020-11-07,00:50,134389,144335
2020-11-07,01:00,136187,145036
2020-11-07,01:10,139688,147502
2020-11-07,01:20,142886,147753
2020-11-07,01:30,145769,151907
2020-11-07,01:40,149016,153522
2020-11-07,01:50,152891,154550
2020-11-07,02:00,156487,154794
2020-11-07,02:10,161588,156779
2020-11-07,02:20,166142,150339
2020-11-07,02:30,171096,161335
2020-11-07,02:40,176809,144675
2020-11-07,02:50,182940,144878
2020-11-07,03:00,191076,133546
2020-11-07,03:10,204777,141811
2020-11-07,03:20,217287,137874
2020-11-07,03:30,228850,127065
2020-11-07,03:40,241505,130240
2020-11-07,03:50,252937,134666
2020-11-07,04:00,265056,134037
2020-11-07,04:10,280982,242019
2020-11-07,04:20,293573,278097
2020-11-07,04:30,303892,297569
2020-11-07,04:40,314043,313873
2020-11-07,04:50,320696,326851
2020-11-07,05:00,324521,333467
2020-11-07,05:10,327939,334361
2020-11-07,05:20,330114,317934
2020-11-07,05:30,330325,306617
2020-11-07,05:40,328391,294664
2020-11-07,05:50,325407,216214
2020-11-07,06:00,320808,183942
2020-11-07,06:10,313044,206084
2020-11-07,06:20,305299,200824
2020-11-07,06:30,297239,208669
2020-11-07,06:40,287742,221499
2020-11-07,06:50,277501,228895
2020-11-07,07:00,266043,158828
2020-11-07,07:10,253418,155156
2020-11-07,07:20,240835,149393
2020-11-07,07:30,229080,151976
2020-11-07,07:40,218316,161839
2020-11-07,07:50,206495,158616
2020-11-07,08:00,197475,155078
2020-11-07,08:10,187402,167889
2020-11-07,08:20,181473,181290
2020-11-07,08:30,176060,182477
2020-11-07,08:40,171678,235967
2020-11-07,08:50,168350,238840
2020-11-07,09:00,165891,247473
2020-11-07,09:10,166944,266935
2020-11-07,09:20,168265,269614
2020-11-07,09:30,169753,258657
2020-11-07,09:40,171972,264859
2020-11-07,09:50,174195,289801
2020-11-07,10:00,177462,276841
2020-11-07,10:10,182115,278534
2020-11-07,10:20,186246,263062
2020-11-07,10:30,189919,268318
2020-11-07,10:40,194164,245306
2020-11-07,10:50,198238,254809
2020-11-07,11:00,200542,269856
2020-11-07,11:10,203448,274553
2020-11-07,11:20,205616,272221
2020-11-07,11:30,206827,273519
2020-11-07,11:40,207607,267904
2020-11-07,11:50,207549,264954
2020-11-07,12:00,206138,210601
2020-11-07,12:10,203839,171817
2020-11-07,12:20,202014,144312
2020-11-07,12:30,199884,143314
2020-11-07,12:40,196553,137578
2020-11-07,12:50,192697,135258
2020-11-07,13:00,188919,130196
2020-11-07,13:10,183875,125443
2020-11-07,13:20,178869,131001
2020-11-07,13:30,173562,136095
2020-11-07,13:40,168347,126121
2020-11-07,13:50,163080,123988
2020-11-07,14:00,156705,117580
2020-11-07,14:10,149694,113472
2020-11-07,14:20,143612,114902
2020-11-07,14:30,136839,109701
2020-11-07,14:40,131084,108348
2020-11-07,14:50,125575,106055
2020-11-07,15:00,119564,100662
2020-11-07,15:10,113411,97088
2020-11-07,15:20,108268,96897
2020-11-07,15:30,103569,99375
2020-11-07,15:40,99193,93079
2020-11-07,15:50,95290,88536
2020-11-07,16:00,91201,78775
2020-11-07,16:10,87503,30664
2020-11-07,16:20,84450,29869
2020-11-07,16:30,81771,29781
2020-11-07,16:40,79223,29521
2020-11-07,16:50,77268,30222
2020-11-07,17:00,75572,28905
2020-11-07,17:10,74138,29947
2020-11-07,17:20,73130,29762
2020-11-07,17:30,72411,28920
2020-11-07,17:40,71792,29432
2020-11-07,17:50,71289,28794
2020-11-07,18:00,71144,29661
2020-11-07,18:10,71264,30358
2020-11-07,18:20,71807,31659
2020-11-07,18:30,71895,32181
2020-11-07,18:40,70394,33454
2020-11-07,18:50,72215,33627
2020-11-07,19:00,73617,36620
2020-11-07,19:10,74946,37207
2020-11-07,19:20,76258,40818
2020-11-07,19:30,77588,41019
2020-11-07,19:40,78834,40742
2020-11-07,19:50,79945,41657
2020-11-07,20:00,81133,41932
2020-11-07,20:10,82779,40012
2020-11-07,20:20,84488,37390
2020-11-07,20:30,86216,38919
2020-11-07,20:40,88554,41626
2020-11-07,20:50,90790,45829
2020-11-07,21:00,92681,46729
2020-11-07,21:10,95661,46872
2020-11-07,21:20,98427,44938
2020-11-07,21:30,100444,48444
2020-11-07,21:40,102059,49446
2020-11-07,21:50,104046,50199
2020-11-07,22:00,106673,39425
2020-11-07,22:10,109417,40137
2020-11-07,22:20,112878,39904
2020-11-07,22:30,115880,40819
2020-11-07,22:40,119036,39918
2020-11-07,22:50,122220,31954
2020-11-07,23:00,124835,32511
2020-11-07,23:10,127662,32321
2020-11-07,23:20,130655,41044
2020-11-07,23:30,132805,45898
2020-11-07,23:40,135156,68203
2020-11-07,23:50,137149,82999
2020-11-08,00:00,138988,45249
2020-11-08,00:10,141457,158999
2020-11-08,00:20,144010,187875
2020-11-08,00:30,145841,199715
2020-11-08,00:40,147175,214003
2020-11-08,00:50,148507,214276
2020-11-08,01:00,150369,208578
2020-11-08,01:10,153452,211251
2020-11-08,01:20,156066,210010
2020-11-08,01:30,157870,204478
2020-11-08,01:40,159884,211986
2020-11-08,01:50,162969,206882
2020-11-08,02:00,165715,203150
2020-11-08,02:10,165814,209189
2020-11-08,02:20,168706,217551
2020-11-08,02:30,173690,146561
2020-11-08,02:40,178564,132258
2020-11-08,02:50,183635,129684
2020-11-08,03:00,191085,129712
2020-11-08,03:10,202846,124125
2020-11-08,03:20,213257,130491
2020-11-08,03:30,223230,132178
2020-11-08,03:40,235756,135020
2020-11-08,03:50,247125,152208
2020-11-08,04:00,260132,161439
2020-11-08,04:10,276484,153752
2020-11-08,04:20,290449,151505
2020-11-08,04:30,304265,152450
