student_num,level,participation,midterm,pe,final,total,faculty,is_afast
A0001414E,53,3,31,16,50.5,62.40,FOS,yes
A0000285W,46,2.5,16,9,47.5,52.20,FOS,no
A0002236Y,53,4,63,25.5,80,86.35,MED,no
A0000592U,51,3,31,18,59,66.80,FOS,nil
A0001983J,51,2.5,55,20,84.5,82.30,SOC,no
A0001191B,50,3.5,51,30,75.5,83.90,SOC,no
A0002050L,50,3,27,14,60,64.40,FOS,nil
A0001915U,54,3.5,51,25,71,79.60,FOS,nil
A0000509X,53,4,49,17.5,63,72.75,FOS,no
A0000952U,51,3,34.5,10.5,49.5,59.95,FASS,no
A0002205H,50,3,52,25,72,79.70,FOS,nil
A0000551A,50,3,21,,,32.20,FOS,yes
A0000778H,52,3,48,24,61,74.00,FOS,nil
A0001244A,51,4,44,24,65,75.80,FOS,nil
A0000315H,50,4,20.5,10,58,61.30,SOC,no
A0002021N,51,3.5,52,14,67.5,72.90,FOS,nil
A0000035J,54,3.5,37.5,19,58.5,68.90,FOS,no
A0000988B,50,4.5,25.5,7.5,36.5,52.95,FOS,yes
A0002149U,50,2.5,33,6,52,57.90,FOS,nil
A0000019E,49,3,39,8,46.5,57.90,SOC,nil
A0001801E,50,3.5,59,26,86,87.70,FOS,nil
A0001745R,52,3,60,29.5,73.5,84.15,SOC,no
A0001591U,51,3,37.5,16,66,69.90,FOS,yes
A0001762U,54,1,52,27,52,70.70,FOS,nil
A0000296R,53,3.5,49,15,49,65.40,FOS,no
A0000406E,54,3.5,53,24,64,76.70,FASS,nil
A0001649L,55,3,61,17,71,77.10,FOS,nil
A0000207H,52,4.5,34.5,15,38.5,59.30,FASS,no
A0000954N,58,5,69,29,92,95.10,FOS,nil
A0002137Y,50,2.5,51,18.5,71,75.35,FOS,no
A0002198L,49,3.5,36,12,38,56.40,FOS,nil
A0001189M,51,3.5,34,16,50,63.30,SOC,no
A0001084Y,50,3,62,24,75,82.40,FOS,nil
A0001548N,48,2.5,20,8,30.5,46.70,SOC,nil
A0000583U,55,3.5,61,27,92,91.00,,nil
A0000722A,50,2.5,25,3,45,52.00,FOS,nil
A0001848J,54,3.5,49.5,25.5,66,77.55,SOC,no
A0000977E,51,3,22,21,58.5,66.30,FOS,no
A0002044E,51,3,49.5,22.5,60.5,73.35,SOC,no
A0000289M,49,2.5,30,4.5,41,51.65,FOS,no
A0001788A,50,3,40.5,16,41.5,60.70,FOS,no
A0001284W,51,3.5,40,16,58,67.70,SOC,no
A0001847L,51,3,61,26,84,86.80,BIZ,nil
A0001691R,51,2,41,,,35.20,SOC,yes
A0000992L,47,3.5,27,10,49,57.00,FOS,nil
A0002087R,45,3,39,22,52,65.10,FOS,nil
A0000389L,50,3.5,24,13,51,60.20,FOS,nil
A0001301N,50,5,44,22.5,69.5,77.85,FOS,no
A0001095W,36,4,24,13,40,49.30,FASS,yes
A0000132M,51,3,46,20,49.5,67.00,SOC,no
A0001062H,50,3,39,9,60,64.30,FOS,nil
A0001288M,45,3,36,13,30,51.20,SOC,yes
A0001235A,53,4.5,40,10,65,68.50,FOS,nil
A0001865L,45,4,24,11.5,41.5,53.65,FASS,yes
A0002072A,50,3.5,37.5,22,66.5,73.60,FOS,no
A0001677J,51,3,60,20,76,80.40,FOS,nil
A0001693M,48,2.5,55.5,13.5,68.5,71.75,FOS,no
A0001870U,57,4.5,60,29.5,88,91.45,FOS,no
A0001495M,48,3.5,20,16,48,58.70,FOS,nil
A0000808U,54,4,48,20.5,63.5,74.25,SOC,no
A0000667M,55,3.5,66,26.5,97,93.75,,no
A0000966J,52,3,41,15,49,63.30,FOS,nil
A0001173B,11,0,,,,5.50,FOS,yes
A0000486N,50,3,33,18,63,68.80,FOS,no
A0001230M,52,3,48,24,71,78.00,SOC,no
A0000029A,50,2.5,66,22,72.5,80.70,,no
A0001671W,51,3.5,54,26,80.5,84.50,SOC,nil
A0002142H,51,3.5,36,17.5,67,71.25,SOC,no
A0001493R,36,4,12,11.5,42.5,47.15,FOS,yes
A0001598E,27,0,22,7,39,37.00,FOS,nil
A0000526Y,46,2,30,12.5,47,56.05,FOS,no
A0001780U,51,4,49.5,28,88.5,88.30,SOC,no
A0001313J,51,3,27,18,44.5,60.20,FOS,no
A0002058W,45,3,20,6,36,46.90,FOS,nil
A0001281B,51,3,59,22.5,71,79.45,BIZ,no
A0001652X,52,3.5,42,23,64,74.00,SOC,nil
A0001245B,49,3,55,18.5,52,68.55,SOC,no
A0000463Y,50,3.5,23.5,14.5,49.5,60.25,FOS,no
A0001782N,25,3,25,10,44,43.10,FOS,nil
A0000085Y,51,3.5,39,24,61,72.70,FOS,no
A0001829L,41,3,,6,,26.50,FOS,nil
A0002118B,53,3,62,28,93,91.60,FOS,nil
A0000391Y,52,3.5,30,19,59.5,67.80,FOS,nil
A0000942W,52,3.5,36,23.5,60.5,71.65,FOS,no
A0001674N,55,4,63,25,84,87.70,FOS,nil
A0001607X,51,4.5,45,23.5,53.5,71.65,SOC,no
A0000875L,44,3.5,22,5,35.5,46.60,FOS,nil
A0001453Y,45,3.5,10,12,,34.00,FOS,nil
A0001081E,53,3.5,46,18,62,71.50,FOS,nil
A0000442E,49,3,10.5,4,31.5,44.20,FOS,yes
A0000737R,50,3,19,22,70,70.80,FASS,nil
A0000782R,51,3,28,11,43,56.30,FOS,nil
A0000928M,50,3.5,34,8,56,61.70,FOS,nil
A0001357U,51,3.5,31,18.5,66.5,70.55,SOC,no
A0002156X,51,3.5,44,16,47,64.10,FOS,no
A0002063A,48,3,37,20,72.5,73.40,FOS,no
A0001445X,46,2.5,27,9,53,56.60,FOS,nil
A0000811E,54,3.5,66,28,92,92.50,FOS,nil
A0000979B,50,3,32.5,17.5,43.5,60.65,FOS,no
A0001466R,53,3,63,19,73,79.30,,no
A0000464X,49,3,35,17,34,56.60,FOS,nil
A0001042L,53,3,60,19,88.5,84.90,FOS,no
A0001205J,43,2.5,14,1,20,35.30,FOS,nil
A0001342E,50,3,46.5,19,61.5,71.40,SOC,no
A0001933U,47,3,30,16,46.5,59.10,SOC,nil
A0001572W,50,3,53,18.5,78.5,79.25,FOS,no
A0001531E,50,3.5,15,8,29,47.10,FASS,nil
A0001816U,55,4,57,27,85,87.90,FOS,nil
A0000560A,50,4,40,17,60,69.50,FOS,nil
A0000594N,53,5,44,14.5,54.5,67.85,SOC,no
A0000038A,49,3,45,21,73,76.20,SOC,nil
A0000568M,51,2.5,18,10,18,43.30,FOS,nil
A0001059W,50,3.5,34,12,53,62.50,FOS,nil
A0000774N,43,3,27,3,46,49.80,FOS,nil
A0000428X,52,3.5,58,24,70,80.10,FOS,nil
A0001784L,25,0.5,8,,,14.60,SOC,nil
A0000124L,49,3.5,48,18,79.5,78.40,SOC,no
A0000459N,47,3.5,43.5,23.5,48,66.65,FOS,no
A0000936N,35,2.5,10.5,1,16,29.00,FOS,no
A0001494N,56,3.5,68,28,96,94.50,FOS,nil
A0000823Y,53,3.5,42,17,78,76.60,FOS,no
A0002131L,51,1.5,47,10,61,65.30,SOC,no
A0002161E,53,3.5,52,19,60,72.40,SOC,nil
A0002214H,50,2.5,35,20,64,70.10,FOS,nil
A0001562X,51,3,54,26.5,70,80.05,SOC,no
A0001739L,52,3.5,28,11,47,58.40,FOS,nil
A0000773R,50,3,39,13,54,63.90,FOS,no
A0000696J,51,3.5,49,21,63.5,74.20,BIZ,nil
A0001144E,47,4.5,16,7,26,45.10,FOS,nil
A0000288N,49,3.5,27,14.5,39.5,56.45,FOS,no
A0002218Y,37,2.5,13.5,9,33.5,41.60,BIZ,no
A0001684M,51,2,56,15,89.5,81.50,SOC,no
A0000354B,52,3.5,29,10,35,53.30,SDE,nil
A0002146Y,50,3,39,25,74,77.90,FOE,nil
A0001258U,50,4,40.5,22,81.5,80.70,FOS,no
A0000503J,25,2.5,,,,15.00,FOS,nil
A0001343A,52,3.5,65,24,75,83.50,FOS,nil
A0000396N,50,2.5,16.5,7,16.5,40.90,FOS,yes
A0002075X,54,3.5,50,27,81,84.40,FOS,nil
A0000967H,46,3,13,4,43,47.80,FOS,nil
A0001577L,49,2.5,7.5,10.5,21.5,42.35,SOC,yes
A0000130R,51,3,33,26.5,64.5,73.65,SOC,no
A0000625Y,50,2.5,57,17,53,68.60,FOS,nil
A0002212L,50,3.5,33,14,54,63.70,SOC,no
A0002204J,50,3.5,40,19.5,76,76.65,SOC,no
A0002225A,53,3,49,26.5,81.5,83.65,,no
A0000631E,53,2.5,47,24,62.5,73.90,FOS,nil
A0000054H,50,3.5,28,5.5,37.5,51.85,FOS,no
A0000513H,52,3,43,22,71,76.00,FOS,nil
A0001584N,51,3.5,45,18.5,76,77.15,FOS,no
A0000544Y,50,4,67,24,85,88.40,FOS,nil
A0001167W,50,3.5,34,7,63.5,64.20,FOS,nil
A0001063E,50,3.5,11.5,6,24.5,43.60,FASS,yes
A0001068W,40,3,12,5.5,44,45.75,FOS,yes
A0000623A,22,0.5,3,7.5,10.5,20.05,FOS,yes
A0000133L,28,3,7,7,34,35.50,FOS,nil
A0000111U,50,3,43,11,32,54.90,SDE,nil
A0002221L,46,3,31,7,28.5,47.10,FOS,no
A0001368N,53,4,50,27,89,88.10,FOS,nil
A0000316E,53,3.5,48,15,56,68.00,FOS,no
A0000903B,36,3,25,23,48.5,56.90,FOS,nil
A0001953N,50,3.5,52.5,28,78.5,84.40,LAW,no
A0001398J,48,4,31,7.5,50,57.95,BIZ,no
A0000247Y,50,3.5,17,13,45,56.40,FOS,nil
A0000716X,45,3.5,26,6.5,36.5,49.05,FOS,no
A0001351E,55,2.5,61,22.5,85,84.95,SOC,no
A0001718R,53,3,21,14,,39.20,FOS,yes
A0000413J,51,2.5,44,21,66.5,73.40,SOC,nil
A0000346Y,50,3,34.5,16,55.5,65.10,SDE,no
A0001469L,49,3.5,39,9,54.5,62.10,FOS,nil
A0000721E,32,2.5,30,1.5,15.5,31.45,FASS,yes
A0000057B,19,2,16,1,,15.20,FOS,nil
A0001038B,50,3,28,9,33,51.30,FOS,nil
A0002100U,48,0.5,43,11,46,57.00,FOS,no
A0000066B,47,3,27,4.5,20,42.15,SDE,no
A0001276U,50,2.5,55.5,30,73.5,83.00,FOS,no
A0000242J,40,1,26,,,26.20,FOS,yes
A0000549N,51,3,62,19.5,76.5,80.75,SOC,no
A0001486M,49,3,33,9,48,57.80,SOC,no
A0000806X,49,2.5,36,11,28,50.90,FOS,no
A0001234E,48,3,35,11,58,62.70,FOS,nil
A0002057X,50,3,33,13,50,61.10,BIZ,nil
A0001560B,53,3,46,23,62,73.50,FASS,nil
A0002109B,48,4,40,21,64,72.10,FOS,nil
A0001289L,50,3,28.5,11.5,40.5,55.65,SOC,yes
A0002152E,50,4,15,4,33,47.20,FOE,nil
A0000548R,49,3.5,29,10,36,53.20,FOS,nil
A0001208A,51,3.5,25,13,62,64.80,FOS,nil
A0001787E,52,2.5,53,20.5,66,74.75,FOS,no
A0000724Y,50,3.5,64,21.5,91,88.45,SOC,no
A0000620J,49,2,51,7,,40.20,,yes
A0002090A,44,2.5,18,1.5,42,45.65,FOS,yes
A0001648M,50,4.5,30,11.5,26.5,51.85,FOS,yes
A0001751X,53,4.5,64,30,79,88.90,FOS,nil
A0001181A,46,1.5,45,19,71,71.40,FOS,nil
A0000370E,50,3.5,34.5,22.5,60,70.65,FOS,no
A0000320N,54,3.5,54,26,80,84.30,BIZ,nil
A0001133J,28,2.5,9,,,18.30,FOS,no
A0001689A,48,3,15,14,30,49.00,FOS,nil
A0000897A,37,3,22.5,9,25.5,40.70,FOS,yes
A0001920B,54,3,47.5,28,74,81.10,SOC,no
A0001909M,52,4,65,21,81,84.90,FOS,no
A0000871U,51,3,47,28,71,79.80,FOE,nil
A0002066X,54,3.5,42,21,65,73.40,FOS,nil
A0002224E,55,4,52.5,30,74,84.10,FOS,no
A0000392X,51,2.5,43,21.5,83,80.05,FOS,no
A0001111R,52,3.5,42,22,63,73.10,FOS,nil
A0002053E,49,3.5,63,20,73,79.80,FOS,nil
A0002208B,50,3,43,15,60,68.10,FOS,nil
A0001417Y,52,3.5,44,18,62.5,71.30,SOC,nil
A0000585N,50,3,45,19.5,72.5,75.75,FOS,no
A0002107E,48,2.5,31,17,62,66.00,FOS,nil
A0001665N,30,0,25,,,20.00,FOS,yes
A0000666N,53,3.5,63,26,84,87.70,FOS,nil
A0000161J,50,3.5,43,16,64,70.70,SOC,no
A0001715X,45,3.5,39,18,46,61.20,FOS,no
A0000353A,51,3.5,33,6,41,54.50,SOC,nil
A0001596J,53,3,55,23,62,75.30,SOC,nil
A0001439R,51,3.5,42,15.5,61,69.05,SOC,no
A0002012N,50,3,57,16,51.5,68.00,SOC,no
A0001940X,36,2.5,16.5,,,23.80,FOS,yes
A0001826R,53,3.5,34,24,56,69.70,FOS,nil
A0000833X,50,3,23,8,34,50.20,FOS,nil
A0001268R,51,3,36,23,78.5,78.10,SOC,nil
A0001523A,54,3,70,29,70.5,84.70,FOS,nil
A0001275W,52,4.5,43,15.5,61,70.25,,no
A0001859E,53,3.5,43,21,65.5,73.80,SOC,nil
A0001827N,50,3.5,31.5,16.5,40,59.05,SOC,no
A0001144E,50,3,32,6.5,26.5,48.25,FOS,no
A0001942U,50,3.5,16.5,11.5,,37.55,BIZ,yes
A0001260H,52,4.5,33,17,48.5,64.00,SOC,no
A0001360E,51,3,47,24,74,79.00,FOS,nil
A0001993H,51,3.5,55,9,68,71.20,FOE,nil
A0002132J,49,3,42,17,61,68.80,SOC,no
A0001796E,52,3.5,57,18,47.5,67.90,FOS,nil
A0001587J,50,3,42,15.5,44.5,61.95,FASS,no
A0001776J,52,3.5,45,21,59.5,71.80,FOS,nil
A0000374X,53,3.5,56,21.5,80.5,82.65,SOC,no
A0001136A,50,4,40.5,19,62.5,71.60,FOS,no
A0000330M,50,3.5,29,9.5,51,59.45,SOC,no
A0000948J,36,1,15,7,44,43.10,BIZ,nil
A0000024M,50,2.5,52,21.5,77.5,79.65,FOS,no
A0000273B,55,3,62,22,83,84.60,FOS,no
A0002106H,50,2.5,36,20.5,52.5,65.95,FOS,no
A0000280E,43,4,43,12,61,64.50,FOS,nil
A0000983L,54,3.5,44,20,74,76.90,FOS,nil
A0001971N,48,2.5,33,12.5,49.5,59.15,FOS,yes
A0001355X,52,3.5,51,12,61,69.10,SOC,nil
A0001789B,45,3,14,3,38,45.00,FOS,nil
A0002116E,51,2.5,56,29,78,84.40,FOS,nil
A0000425A,52,3.5,37.5,20.5,44,63.85,SOC,no
A0001566N,52,1,12,10,36,47.80,FASS,nil
A0001251H,50,3.5,44,14,60,68.30,FOS,no
A0000473X,50,2,32,7.5,39,52.75,FOS,no
A0001866J,50,3.5,53,15,58,69.80,FOS,nil
A0000067Y,49,3.5,39,17.5,42.5,61.55,SOC,yes
A0000508Y,54,2.5,47,17.5,78,76.85,FOS,no
A0000401N,52,3.5,61,22.5,73.5,81.35,FOS,no
A0002113L,53,3.5,57,17,73.5,77.80,FOS,no
A0002194U,50,3,38,11,64,66.70,FOS,nil
A0000877H,52,3.5,54,21,66,76.20,FOS,no
A0001907R,52,3,29,8.5,26,48.45,FOS,no
A0000571Y,51,3.5,32,24,65,72.90,FOS,nil
A0001634X,48,4,38,16,64,69.20,BIZ,nil
A0001719N,48,3,20,13,42.5,54.50,SOC,no
A0001849H,48,3.5,44,9,57,63.60,FOS,nil
A0002093X,51,3.5,42,21,72.5,76.40,SOC,nil
A0000340L,49,3.5,34,7,45,56.30,FOS,nil
A0000184Y,52,3.5,64,25,78,85.00,FOS,nil
A0001828M,50,3.5,25,6,36,50.90,FOS,nil
A0001249U,48,1.5,33,22,63,68.30,FOS,nil
A0001926N,47,3,11,4,26,41.10,SDE,nil
A0001391X,44,2.5,15,1,24,37.60,FOS,nil
A0001533B,50,3.5,36,16.5,46.5,62.55,FASS,no
A0000307E,51,3.5,39,5.5,26,49.45,FOS,yes
A0000393W,52,3,59,19.5,64.5,75.35,,no
A0001269N,46,3,42,7,35,51.90,FOS,nil
A0000373Y,50,3,60,26,65,79.00,FOS,nil
A0000126H,51,3.5,46,13,57,67.00,BIZ,nil
A0001608W,50,4,42,16,54.5,67.20,SOC,no
A0000847M,49,3,32,9.5,,38.65,FASS,yes
A0000981N,52,3.5,36,16.5,56,66.35,FOS,no
A0000262E,48,4.5,35,11.5,29.5,53.05,,no
A0001145A,39,1.5,28,12,51,53.00,FOS,nil
A0001946L,50,3.5,52,21,67,76.20,FOS,nil
A0000426B,54,3.5,34,19,75,74.80,FOS,nil
A0001022N,50,4,34.5,13,45.5,60.60,FOS,no
A0001143H,51,3.5,35,21,49.5,65.80,FOS,nil
A0000787H,52,3,43,20,57,69.40,SOC,nil
A0001524B,53,3.5,50,26,70,79.50,SOC,nil
A0000153H,50,3.5,40.5,17.5,52.5,66.35,FOS,no
A0001502J,47,2.5,25,8,59,58.60,SOC,no
A0000710J,49,3.5,53,27,43,69.30,FOS,nil
A0001425B,49,3,41,8,49,59.30,FOS,nil
A0000794L,50,2.5,33,7.5,41,54.25,FOS,no
A0000880U,50,3,55,24,74,80.60,FOS,nil
A0000816W,50,4,32,12,48.5,60.80,FOS,no
A0000381B,53,5,47,30,67,81.20,FOS,nil
A0000574U,53,3,45,25,77,80.30,FOS,nil
A0001165Y,50,2.5,25,4,38,49.70,FOS,nil
A0001930Y,45,3,24,6,43.5,50.70,FOS,nil
A0000050N,52,3.5,48,17,75.5,76.80,SOC,nil
A0001209B,54,4.5,40,15,49,64.60,FASS,nil
A0001714Y,52,3.5,37,25,65.5,74.60,SOC,nil
A0000712E,51,3.5,25,25,62,70.80,FOS,nil
A0000312M,53,3.5,46.5,29.5,72,81.35,FOS,no
A0001551B,50,3.5,36,15,46,61.60,FOS,no
A0001471Y,53,3,60,21,74.5,80.30,FOS,nil
A0001335B,50,4,12,18,42.5,57.40,FOS,yes
A0000680X,49,2.5,12,3.5,29,42.75,FOS,yes
A0001699B,50,1.5,40,,,34.50,FOS,yes
A0000416A,51,3.5,48,22,78,80.30,SOC,nil
A0001482W,54,3,59,27,65,79.30,FASS,no
A0001692N,49,3,54,30,72.5,82.30,FOS,no
A0001943R,50,4.5,34.5,7.5,,40.15,SOC,yes
A0000970U,51,3.5,31.5,15,42,59.10,SOC,no
A0000779E,53,3,38,19,56,67.50,FASS,no
A0001299J,50,2,59,29,75,83.30,FOS,no
A0000225H,50,4,17,11,21,46.30,FOS,nil
A0001957H,51,3.5,49.5,24,77.5,81.40,SOC,no
A0002164Y,55,3.5,74,29,96,96.20,,nil
A0002169N,49,3.5,30,11,39,55.10,FOS,nil
A0002230L,56,3.5,49,22,80.5,81.50,FOS,no
A0000941X,47,3,29,8,55,58.30,FOS,nil
A0001786H,48,3,31,4,33,48.40,FOS,nil
A0000300U,47,3.5,27,12,44,56.00,FOS,nil
A0002122L,51,3.5,45,17,54,67.60,SOC,no
A0000870W,51,3.5,49,21,79,80.40,FOS,nil
A0000157Y,50,3,22,17,40,56.90,FOS,nil
A0001492U,50,3.5,43.5,19,70,74.70,FOS,no
A0002175W,54,3,55.5,28.5,90,89.35,NUSHS,no
A0001283X,48,3.5,33,19,58.5,67.00,FOS,no
A0001270E,51,3.5,31,25,69,74.80,SOC,nil
A0001600L,50,3.5,40.5,16,29.5,56.40,FOS,no
A0000829M,55,3.5,72,22,88.5,89.30,SOC,no
A0001329W,50,3,28,13.5,56,62.75,SOC,no
A0000637U,50,3.5,43,13.5,44,61.45,,no
A0000283Y,49,3.5,20,7,47,54.30,FOS,nil
A0000018H,52,3.5,53,18.5,88,83.55,SOC,no
A0002226B,53,3,53,22,72,78.40,FOS,nil
A0000732B,54,2.5,46,23,76,78.60,FOS,nil
A0000351H,52,3.5,46,27,84,84.80,SOC,nil
A0000644X,52,2.5,45,10.5,70,69.75,FOS,no
A0001390Y,53,4.5,70,28.5,83.5,91.15,,no
A0000150M,56,4,64,28,79,87.40,FOS,nil
A0001616X,50,3.5,47,20,62,72.70,FOS,nil
A0001498H,53,4.5,55,20.5,68,77.95,FOS,no
A0001666M,45,2,51,13,60,65.20,FOS,nil
A0000367U,50,3.5,38,12,47,60.90,SOC,no
A0000675N,52,3.5,19.5,19.5,48.5,61.55,SOC,no
A0000761X,50,3,44,9.5,48,60.75,,yes
A0001122M,50,3.5,28.5,14.5,34,55.05,FOS,no
A0002092Y,50,2.5,34,6.5,41,53.95,FOS,no
A0000669J,51,3.5,54,21,67,76.60,FOS,nil
A0001923W,50,3.5,41,21,53,68.40,FOS,nil
A0000321M,51,2,31,20,59,66.80,FOS,nil
A0001732Y,50,3.5,45,17,49,65.60,SOC,nil
A0001543Y,56,3.5,47,23,79,81.00,FOS,nil
A0000068X,52,3.5,51,19,79,79.80,FOS,nil
A0000817U,54,3.5,71,25,83,88.40,FOS,nil
A0000266X,48,2,42,15,65,67.90,SOC,nil
A0001475R,52,4.5,63,29.5,71.5,85.45,FOS,no
A0000427Y,52,3,37.5,22.5,53.5,68.15,SOC,no
A0001363Y,53,3,44,26,57,72.60,FOS,nil
A0001845N,51,2.5,35.5,22,42,62.40,SOC,no
A0001397L,46,3.5,27,8,47,54.70,FOS,nil
A0001155B,52,3.5,37.5,28.5,40,66.25,FOS,no
A0001021R,52,3.5,42,20,59,70.50,FOS,nil
A0000973M,50,3,45,17.5,79,77.35,SOC,no
A0001594M,50,3,51,22,77.5,80.20,FOS,nil
A0001534Y,38,1.5,30,,,26.50,SOC,yes
A0000593R,56,3,68,29,90,92.10,FOS,nil
A0001964L,50,3,47.5,16,60,69.50,FOS,no
A0001099M,52,3.5,49,25,71.5,79.40,SOC,nil
A0000529U,49,0.5,31,14,46,56.60,FOS,nil
A0000417B,51,3,48,23,71,77.50,FOS,nil
A0000196U,51,4.5,44,26,59,74.90,SOC,nil
A0001074B,50,3,32,17,60.5,67.10,,no
A0000148Y,52,3.5,50,15,69.5,73.80,FOS,no
A0000822B,48,3,34,25,66,72.70,FASS,nil
A0001058X,53,3,52,25,52,71.70,SOC,nil
A0001243E,50,4,34,,,35.80,FOS,yes
A0000182A,50,3,45,15,48,63.70,SOC,nil
A0001774M,51,3,42,19,62,70.70,BIZ,nil
A0002037B,50,3.5,39,25.5,68,76.25,SOC,no
A0000542A,53,3.5,31.5,23.5,77.5,77.55,SOC,no
A0000849J,50,3.5,52.5,29.5,69.5,81.55,FOS,no
A0000798A,51,3.5,57,24,78.5,83.30,SOC,no
A0000414H,55,3.5,66,18,77,81.50,FOS,nil
A0001214J,53,3.5,49,24,74.5,80.10,FOS,nil
A0001934R,48,3,42,10,23.5,49.80,FOS,no
A0000022R,55,3.5,38,26,66,75.50,FOS,nil
A0001001W,55,3.5,54,25,84,85.40,FOS,no
A0001076X,47,2.5,49,17,65.5,70.50,BIZ,no
A0002031M,50,3,12,6,32,46.20,SOC,nil
A0000488L,50,3,45,25.5,61.5,74.35,FOS,no
A0000889B,52,4,43.5,18,66,73.10,FOS,no
A0001406A,53,5,43.5,24,72,79.50,SOC,no
A0001457R,49,2.5,42,21,43.5,63.30,FOS,nil
A0000868H,50,3,37,14,58,65.60,FOS,nil
A0000275X,50,4.5,41.5,11.5,29.5,55.35,FOS,yes
A0000109E,53,3.5,48,15,69,73.20,SOC,no
A0002172B,26,1.5,15,8,33,34.70,FOS,nil
A0000578L,10,0,9,1,25,17.30,FOS,nil
A0001503H,54,3.5,39,18.5,75,75.55,FOS,no
A0001626W,51,3.5,40,18.5,61,70.15,SOC,no
A0000220R,50,3.5,45,7,46,59.40,SOC,yes
A0000372B,39,2,29,7,48,50.00,FOS,nil
A0001254B,54,4,57,26,84,87.00,FOS,nil
A0000852W,53,4,46,20,73,77.40,SOC,no
A0002082B,45,3.5,27,7,15,40.90,,yes
A0002210N,41,3.5,25.5,13,30,47.60,FOS,no
A0001031N,53,3.5,69,28,89,91.90,SOC,nil
A0000726W,53,3.5,51,26,66.5,78.30,SOC,nil
A0000918N,50,3,42,21,55.5,69.10,SOC,no
A0001236B,50,3.5,58,21.5,62,75.65,FOS,no
A0002127B,50,3.5,21,5,41,51.60,FOS,nil
A0000528W,50,3,33,21,50,65.10,SOC,no
A0002077U,52,3,44,16,62,69.60,FOS,nil
A0002171A,48,3.5,51,20.5,50,67.95,FOS,no
A0000646U,44,3.5,10,6,23,39.70,FOS,nil
A0001441E,53,3.5,20,10,42,54.30,FOS,nil
A0000311N,54,3,49.5,29.5,92.5,89.65,FOS,no
A0001384U,50,3,43,26,46,68.00,FOS,nil
A0000743X,48,3.5,17,12,47,55.70,FOS,nil
A0001549M,52,1.5,73,27,89,90.20,FOS,no
A0000342H,54,3.5,50,26,73,80.70,BIZ,nil
A0001232J,53,3,74,29,86,91.70,FOS,nil
A0000540H,48,3,57,17,67,73.70,FOS,nil
A0001789B,45,2,28,5.5,29.5,44.65,FOS,no
A0000685M,49,3.5,35,10,46,58.40,FOS,nil
A0000781U,47,2.5,43,9,55,61.10,SOC,nil
A0001373X,52,3.5,69,27,76,86.20,FOS,nil
A0000188R,42,3,28,3,33,44.30,FOE,nil
A0000861W,50,3,14.5,16,33.5,52.30,FOS,yes
A0000141M,48,3,14,7,35,47.30,FOS,nil
A0001348U,52,5,34,12,36.5,57.40,BIZ,no
A0000331L,50,3,43,6.5,28,51.05,FOS,yes
A0002158U,49,3.5,14,5,29,44.90,FOS,nil
A0000023N,55,4,49,30,85.5,88.00,FOS,no
A0000461A,53,3.5,54,25,76,82.20,FOS,nil
A0000279N,52,3,40.5,17.5,56,67.25,SOC,no
A0001481X,51,3.5,34.5,15,50.5,63.10,FOS,no
A0000003U,43,3,21,15,58,59.40,,nil
A0001119B,50,3,33,16.5,58.5,66.25,SOC,no
A0001116H,51,2.5,41,9,59,63.80,BIZ,nil
A0000763U,48,3.5,40,14,73.5,71.90,,no
A0001183Y,54,3.5,50,24,64,76.10,FOS,nil
A0001484R,55,3.5,61.5,28.5,88,90.25,SOC,no
A0000480B,51,3,52,25,62,75.70,FOS,nil
A0000056A,50,3.5,39,19,66,72.20,FOE,nil
A0000603H,49,3,32,14,39,56.50,FOS,nil
A0000223L,50,5,22,6,21,45.80,FOS,nil
A0001215H,57,3.5,67,23.5,85,87.65,,no
A0001952R,48,3.5,25,8,30,48.50,FOS,nil
A0001888B,41,3,26,3,43.5,47.60,FOS,nil
A0001448R,52,3.5,48,12,61,68.50,SOC,nil
A0002138X,51,3,59,26,80,84.80,FOE,nil
A0001805X,54,3.5,60,27,77,84.80,FOS,nil
A0000469M,48,3,40,11.5,54,62.35,FOS,no
A0002046B,50,4,36,12.5,51,62.85,SOC,no
A0001067X,47,3,21,5,45,51.20,FOS,nil
A0000699A,50,3.5,55,23,62,75.80,FOS,nil
A0001730A,52,3,38,15.5,47,62.15,SOC,no
A0000249W,50,3.5,42,21,81,79.80,SOC,no
A0000530J,51,3.5,48,28,73.5,81.50,FOS,no
A0000310R,56,3.5,49,18,70,75.30,FOS,nil
A0000689E,49,2.5,32,13,,39.90,,yes
A0001820A,50,1.5,44,11,50,60.80,FOS,nil
A0001135E,50,3.5,60,21.5,74.5,81.05,FOS,no
A0000968E,53,3,72,23,91,90.30,SOC,no
A0000709U,50,3,56,15,74,76.30,FOS,nil
A0000154E,40,2,53,17.5,62.5,66.35,SOC,no
A0000838M,50,3.5,29,15,62,66.60,FOS,nil
A0000974L,52,3,44,22.5,69.5,75.85,FOS,no
A0000881R,54,4,59,22,73,81.00,SOC,nil
A0001396M,47,2.5,33,10,48,56.80,FOS,nil
A0000539R,52,3.5,45,13,54,65.60,FOS,nil
A0000077X,46,3,20,20,37,54.80,FOS,nil
A0001146B,50,3,38.5,13.5,54,64.05,FOS,no
A0000620J,43,2,42,19.5,42.5,58.65,FOS,no
A0001609U,51,3.5,36,11,40,57.20,FOS,nil
A0001491W,51,3,40,19.5,54.5,67.55,SOC,no
A0002110R,49,3.5,22,10,52,58.20,FOS,nil
A0001418X,50,3.5,46.5,19.5,60.5,71.75,SOC,no
A0000048B,48,3,26,14,38.5,54.60,FOS,yes
A0001392W,27,2,43,,,24.10,FOS,yes
A0000867J,55,3,50,17,86,80.90,FASS,no
A0001863N,48,3,59,9.5,64.5,69.35,SOC,no
A0000121R,32,3,28.5,7.5,32,41.25,FOS,no
A0001906U,45,0,32,,,28.90,SDE,yes
A0002199J,53,3.5,62,27,75,84.40,FOS,nil
A0001188N,50,3.5,47,25,59,74.00,FOS,nil
A0001835R,52,3.5,49,18,60,71.30,FOS,nil
A0001793L,47,2.5,52,25,68,76.10,FOS,nil
A0000758L,52,4,30,15,45.5,60.70,FOS,no
A0000016L,50,4.5,25.5,16,39.5,58.40,SOC,no
A0000343E,49,2.5,49,16.5,58,68.25,SOC,no
A0000432H,57,3,71,25.5,91.5,91.55,FOS,no
A0001683N,52,3,32,14,44,59.00,FOS,no
A0000149X,50,3.5,24,15,55,62.80,FOS,nil
A0000429W,36,3,12,1,22,32.70,SOC,nil
A0000345B,51,3.5,47,17,69,74.00,SOC,no
A0001247X,54,4,40.5,29.5,72.5,80.85,SOC,no
A0000047A,49,3.5,53,20,73,77.80,FOS,nil
A0000925U,55,3,68,28,93,92.80,,nil
A0001125H,54,3.5,47,24,80.5,82.10,FOS,nil
A0000755R,52,3.5,36,19,55,67.20,SOC,nil
A0001829L,38,0,,,,19.00,FOS,no
A0001512H,53,3,60,28.5,60.5,78.45,SOC,no
A0000940Y,51,3.5,73,27,67,83.40,FOS,nil
A0001598E,43,1.5,34,12,,35.80,FOS,nil
A0001162E,49,3,37,5,55,59.40,BIZ,nil
A0000547U,50,5,62,22,76.5,84.00,SOC,nil
A0001656N,55,4,56.5,29.5,71.5,83.65,FOS,no
A0001080H,49,3,48,19,64.5,72.40,FOS,no
A0000098R,47,3,31,14.5,50,59.95,FOS,yes
A0001423E,52,3.5,49,16,62.5,71.30,FOS,nil
A0001307A,51,4,44,21,53.5,69.70,SOC,no
A0000114M,52,2.5,45,18,65.5,71.70,SOC,no
A0001114L,44,3.5,23,9,34,48.20,BIZ,nil
A0002097N,51,3,11,6,17,40.00,FOS,nil
A0000489J,46,2.5,31,13,52,59.00,FOS,nil
A0000745U,51,3.5,38,20,67,72.90,FOS,nil
A0001775L,52,2.5,42,18,45.5,63.10,FOS,no
A0000885J,46,3,31,15.5,37.5,54.95,FOS,yes
A0000000Y,56,4.5,64,23.5,85.5,88.25,SOC,no
A0000395R,41,3,28.5,,,29.20,FOS,yes
A0001852U,46,3,53,23,,48.10,BIZ,nil
A0000002W,50,3.5,43,11,39,58.20,SOC,nil
A0000492W,52,3.5,70,19,87,86.80,,no
A0000147B,52,2.5,38,25,73,76.80,,nil
A0000663W,51,3.5,34.5,13,50,61.90,FOS,no
A0002228X,51,3.5,40,22,69,75.10,FOS,nil
A0001641B,49,2,35,7,,37.00,FOS,yes
A0000093B,49,3.5,59.5,14.5,62.5,72.15,SOC,no
A0001921Y,46,3,15,2,44,47.60,FOS,nil
A0002016H,50,2,18,4,48,51.80,FOS,yes
A0000643Y,51,3.5,33,3.5,30,48.85,,yes
A0000180H,51,3,47,16.5,61.5,70.25,,no
A0001073A,52,4,49,20.5,86,83.45,SOC,no
A0000235E,52,3.5,44,17.5,73.5,75.45,SOC,no
A0000687J,48,3,26,15.5,58,63.15,FOS,no
A0001374W,38,2.5,27,10.5,32.5,45.15,FOS,no
A0000506A,51,3.5,38.5,14.5,48.5,62.85,FOS,no
A0000387N,51,2.5,54,21.5,80.5,81.25,SOC,no
A0000602J,53,5,48,17,65,74.10,FOS,nil
A0001433A,50,3.5,25,8,42,54.30,FOS,nil
A0001364X,50,3,45,13.5,64.5,69.55,FOS,no
A0001432E,52,2.5,66,19,77.5,81.20,,no
A0000661Y,49,3.5,48,22,68,75.80,FOS,nil
A0002071E,55,4.5,41,23,79,80.80,FOS,nil
A0000037E,50,3,56,22,76,80.60,FOS,nil
A0001899X,52,3.5,57,20,64,75.50,SOC,no
A0001039Y,51,4,28,25,77.5,78.10,FOS,no
A0001514A,47,4,15,,,30.50,FOS,yes
A0001873M,50,2.5,35,12,51,60.90,FOS,nil
A0001389J,53,3,47,25,78,81.10,FOS,nil
A0001089N,51,3,43,13,79,74.70,SOC,no
A0002034H,50,4.5,24,7,41,54.20,FOS,no
A0000255B,50,3,52,17,61.5,71.50,FOS,nil
A0001128B,50,3,58,21.5,73,79.55,FOS,no
A0001590W,49,3.5,28,5,37,50.90,FOS,nil
A0000616Y,50,3.5,39,14.5,61.5,68.15,FOS,no
A0000892M,40,3,10.5,13.5,37.5,46.85,FOS,no
A0000717W,50,3,52,18,53.5,68.80,SOC,no
A0001211N,53,3,65,23,85,86.50,FOS,no
A0001105L,57,5,50,23,80,83.50,FOS,nil
A0001855M,51,3.5,21,18,54,63.30,FOS,nil
A0001965J,42,3,20,6,38,46.20,SOC,nil
A0001754R,52,3.5,60,27,61.5,78.60,SOC,nil
A0001977A,53,3,66,28,86,89.60,FOS,nil
A0001645U,50,3.5,33,15,69.5,70.40,SOC,no
A0001829L,39,1.5,11,3,,24.70,FOS,nil
A0001103N,45,1.5,22.5,,40,44.50,SOC,yes
A0000290A,33,3,16,3,33,37.40,FOS,nil
A0001721A,50,4.5,21,4.5,50,55.95,FOS,no
A0001309Y,50,3,29,13,55,62.30,FASS,nil
A0001924U,50,2.5,25,16.5,58.5,64.15,SOC,no
A0001744U,49,3.5,33,19,59,67.70,FOS,nil
A0000229Y,53,3,48,10,58.5,66.00,FOS,no
A0002062E,50,3.5,23,12,57,61.90,FOS,nil
A0001799Y,50,3,34,9,35,53.30,FOS,nil
A0001567M,25,1.5,,,,14.00,FOS,nil
A0001204L,44,2.5,36,16,57,62.50,FOS,nil
A0000561B,53,3.5,36,25.5,68,75.65,FOS,no
A0000277U,50,4,48,16,67.5,73.60,SOC,no
A0000240M,54,3.5,52,25,71,79.80,FOS,nil
A0001369M,52,3.5,43.5,18,73.5,75.60,SOC,no
A0000690W,46,2,22,14,28,47.60,FOS,nil
A0000046E,53,3,57,30,78,85.60,FOS,nil
A0001160J,32,0.5,17,,,19.90,SOC,yes
A0001548N,50,3,44,16,49,64.40,SOC,nil
A0001717U,50,3,41,24,60,72.20,FOS,nil
A0000700L,50,2.5,44,23,56,70.20,FOS,nil
A0000075B,41,0.5,49.5,26.5,81.5,76.75,NUSHS,no
A0002013M,51,3.5,48,21,68,75.80,FOS,nil
A0000264B,50,3,47,23,57,71.70,SOC,nil
A0000853U,47,3,21,13,42,54.00,FOS,nil
A0000953R,48,3,31,17,45,59.70,FOS,nil
A0001256X,52,3.5,73,26,85,90.10,SOC,no
A0001884J,50,3.5,37,18,60,68.90,FOS,no
A0000382Y,54,3,56,20,84,82.80,FASS,no
A0000715Y,49,3,56,26,68.5,79.10,SOC,nil
A0000541E,51,4,55.5,28.5,77.5,85.35,FOS,no
A0001047B,53,0.5,46,20.5,79.5,76.75,SOC,no
A0000926R,50,3,42,5.5,48.5,58.55,FOS,no
A0000692R,48,2,40,14,48.5,60.40,FOS,no
A0000651B,51,3,54,23,65,76.30,SOC,nil
A0001467N,51,3,45,21,44,65.10,SOC,nil
A0000108H,50,4,54,28.5,88.5,89.45,SOC,no
A0001709R,53,3.5,51,25,85,85.20,FOS,nil
A0002143E,52,3.5,41,24,61,73.10,SOC,nil
A0002029Y,49,3,41,18,51,65.10,FOS,no
A0001557N,51,3,54,15,75,76.30,FOS,no
A0002104L,49,3.5,27,16.5,58.5,65.05,FOS,no
A0001781R,50,3.5,41.5,15,50,64.30,SOC,no
A0000073E,46,4.5,30,9,37,52.80,SOC,yes
A0001668J,50,4,40,24,76,79.40,FOS,nil
A0001371B,48,3.5,40,7,54,60.60,BIZ,nil
A0000559M,49,3.5,39,27,62,74.10,FOS,nil
A0000260J,50,3,48,13,38,59.30,FOS,no
A0000439U,50,4,40,17,79,77.10,FOS,nil
A0001722B,50,4,37.5,26.5,52,70.55,FOS,no
A0002098M,50,4,64,18,73.5,80.20,FOS,no
A0001777H,8,0,,,,4.00,BIZ,yes
A0000309B,49,3,36,16,66.5,69.30,SOC,no
A0001152H,50,3.5,32,3.5,,36.65,FOS,yes
A0000601L,50,3,57,17,74,77.50,FOS,nil
A0001000X,49,2.5,51,24,64,74.80,FOS,nil
A0000436Y,52,3,52.5,19.5,61.5,72.85,FOS,no
A0000092A,52,3.5,44,18.5,57.5,69.55,FOS,no
A0000640E,54,3,57,25,69,79.50,FOS,nil
A0001876H,48,3.5,46,25,60,73.20,SOC,nil
A0001336Y,45,3,27,16.5,55.5,61.35,SOC,no
A0000607Y,51,3.5,32.5,20.5,,45.25,SOC,yes
A0000662X,51,3.5,34.5,19,57.5,67.90,FOS,no
A0000500N,50,3.5,23,10,50,58.10,FOS,nil
A0000765N,54,3,59,26,88.5,88.20,SOC,no
A0000420M,53,3.5,62,23.5,82,85.45,SOC,no
A0000155A,50,3.5,34.5,13.5,50.5,62.35,FOS,no
A0000443A,51,3.5,40.5,29.5,78,82.55,FOS,no
A0000368R,54,3.5,69,28,87,91.10,,nil
A0000760Y,50,2.5,19,17,49,59.40,FOS,nil
A0001016J,54,3,67,23,77,83.70,FOS,nil
A0001585M,54,4,40,17,53,66.70,FOS,nil
A0000906W,50,3.5,29,7,45.5,56.00,FASS,no
A0000228B,50,3.5,15,15,40.5,55.20,FOS,no
A0000376U,50,3.5,40.5,11.5,56,64.75,FOS,no
A0000088U,46,4.5,28.5,,,33.20,FOS,no
A0001282Y,50,3,41,19,42,62.50,FOS,no
A0002084X,51,3.5,46.5,28,73.5,81.20,SOC,no
A0000725X,51,3.5,22,16,54.5,62.70,SOC,no
A0001166X,38,3,11,6,14,32.80,,nil
A0002117A,50,3,16,27,62.5,69.70,SOC,no
A0001873M,39,1,24,5,25,37.80,FOS,nil
A0001194W,54,3.5,60,26.5,70,81.75,FOS,no
A0000522H,47,3.5,15,12,54,57.60,FASS,nil
A0000206J,51,3.5,55.5,30,57.5,77.60,SOC,no
A0001222L,51,5,15,0,23,42.20,FOS,nil
A0001271A,50,3.5,55.5,28.5,72.5,82.85,FOS,no
A0000516B,53,3.5,55.5,27,79.5,84.90,FOS,no
A0000844U,54,3.5,42,23,61.5,73.00,FOS,nil
A0000783N,49,3.5,12,11,30,47.90,FOS,nil
A0001657M,50,0.5,47,20,73.5,74.30,FOS,no
A0000458R,52,3,40,15.5,75.5,73.95,SOC,no
A0000341J,12,0,20,,,10.00,FOS,yes
A0002136B,47,2,35,20,45,60.50,FOS,nil
A0000421L,50,3.5,36,13,61,66.60,FOS,nil
A0001264Y,50,3.5,40.5,28.5,76,81.25,SOC,no
A0001908N,52,2.5,41,22,57,69.50,FOS,nil
A0000951W,51,4,27,25.5,53.5,68.55,SOC,no
A0000377R,53,4,36,30,60,75.20,FOS,no
A0001950W,42,3,26,8,44,50.80,SOC,nil
A0001304J,54,2.5,59,25,86,86.20,FOS,nil
A0000327B,52,3.5,39,16,56,66.70,FASS,nil
A0000198N,50,3,44,18,62.5,70.80,FOS,no
A0000478M,50,3.5,24,13.5,30.5,52.25,FOS,yes
A0000044J,46,1.5,57,16,57,66.70,SOC,no
A0001747M,50,3.5,50.5,30,81.5,86.20,FOS,no
A0002058W,50,3.5,34,8.5,51.5,60.15,FOS,no
A0000600M,51,3.5,43,17.5,61,70.25,SOC,no
A0002148W,42,1,31.5,4.5,35.5,44.75,FOS,yes
A0000007L,51,3.5,48,23,67,76.40,FOS,nil
A0001206H,51,3.5,35,10.5,56,63.15,FOS,no
A0002209Y,50,0.5,33,22.5,48.5,62.75,SOC,no
A0002141J,50,4,42,24,64,75.00,SOC,no
A0000118E,50,4,33,14.5,56,65.25,FOS,no
A0000555W,50,4,49.5,21,63.5,74.80,SOC,no
A0000989Y,55,3.5,70,27,88,91.20,FOS,no
A0000869E,47,3.5,40,8,54.5,60.80,FOS,no
A0001465U,50,3,30,6,54,58.60,FOS,nil
A0000398L,47,3,55,23,63,74.20,FOS,nil
A0000084B,51,4,52,20,72,78.20,SOC,no
A0001421J,50,3,42,24,76,78.80,SOC,nil
A0001892L,56,5,66,26,87,91.00,SOC,nil
A0001642Y,52,3.5,48,23.5,52,70.65,FOS,no
A0000101W,42,3,14.5,3,22.5,37.40,FOS,yes
A0001017H,48,2.5,33,12.5,65.5,65.55,SOC,no
A0001610J,51,3.5,38,10,68,68.30,FOS,nil
A0000307E,51,3.5,24,7,32,49.60,FOS,nil
A0000159W,51,3,47,20,73.5,76.80,SOC,no
A0002183X,52,4,47.5,28,73.5,81.90,FOS,no
A0001540E,50,3,24,28,67.5,73.80,SOC,no
A0000178U,36,1.5,33,,,26.10,FOS,yes
A0000711H,50,2.5,56,19,69.5,76.00,SOC,no
A0002059U,49,3.5,37.5,10,40.5,56.70,FOS,yes
A0000753W,50,3,28.5,14.5,,40.95,FOS,yes
A0001238X,53,3.5,50,22.5,75.5,79.95,FOS,no
A0001149W,50,3,62,14,64,73.00,SOC,no
A0000805Y,56,3.5,61,27,87.5,89.20,FOS,no
A0001500M,49,2,4,6,32,43.10,FOS,nil
A0001877E,50,4,34.5,16,43.5,61.30,FOS,no
A0000456W,54,3.5,46,28,68.5,79.10,FOS,no
A0002047Y,51,3.5,41,18,47,64.50,FOS,nil
A0001868E,50,3.5,52,20,59.5,72.70,FASS,no
A0001592R,51,3.5,62,25,68,80.60,SOC,nil
A0000117H,51,3.5,35,9,55,62.00,FOS,nil
A0000135H,45,3.5,30,10,50.5,57.20,FOS,yes
A0000872R,55,3.5,62,22,83,85.10,FOS,no
A0002096R,54,3.5,47,24,57,72.70,FOS,nil
A0001712A,51,2,26,10.5,33,50.65,FOS,no
A0001131M,43,2.5,27,5,24,41.50,SDE,nil
A0000495N,54,3.5,43.5,25,86.5,84.30,SOC,no
A0001555U,51,3.5,33,11,73,69.80,FOS,nil
A0001759H,47,3.5,41,19,67,71.50,,no
A0000261H,50,3.5,27,19,66,69.80,FOS,nil
A0002223H,51,3,38,12,54.5,63.40,FOS,no
A0001028A,50,3,19.5,7.5,44,53.25,SOC,yes
A0001290B,55,3.5,48,21,57,71.40,FOS,nil
A0001661X,50,3.5,19.5,6,27.5,46.40,SDE,yes
A0002095U,23,1.5,,,,13.00,SOC,no
A0001108E,52,3.5,64,18.5,82.5,83.55,,no
A0001185W,50,3,56,25,69,79.30,SOC,nil
A0000913Y,48,4,17,15,42,55.70,FOS,nil
A0000752X,53,3.5,33,7,58,61.80,FOS,nil
A0002201N,48,3,32,15,55,62.90,FOS,nil
A0001703A,54,3.5,63,24,86.5,87.70,SOC,no
A0000673U,50,3.5,31,16,52,63.50,FOS,no
A0000638R,52,2.5,42,18,59,68.50,FOS,nil
A0001755N,50,4.5,43,19.5,42,64.65,SOC,no
A0001734W,50,3.5,30,17.5,53.5,64.65,SOC,no
A0001170H,54,3.5,35,20,54,67.10,FOS,nil
A0001729M,48,2.5,19,8,40,50.30,FOS,nil
A0001452B,50,3,41,12,51,62.60,FOS,yes
A0000013R,50,3,45,25,71,77.90,FOS,nil
A0000445Y,49,4,39,19,53.5,67.20,SOC,no
A0000617X,51,3.5,49,23,52,70.60,FOS,nil
A0001100W,48,4,29,,,33.80,FOS,yes
A0001316A,51,3.5,47,23.5,68,76.85,SOC,no
A0001559L,46,2,15,7,15,37.50,FASS,nil
A0000254A,47,3.5,42,22.5,64,72.25,FOS,no
A0000303M,49,3.5,29,11.5,44.5,57.35,FOS,yes
A0000565U,51,3,30,24,70.5,74.20,FOS,nil
A0000932X,54,4,54,22,57.5,73.80,SOC,nil
A0001168U,50,3.5,42,23,67.5,75.40,FOS,nil
A0000922Y,52,3,41,21,70,74.70,FOS,nil
A0001109A,49,2,34,16.5,52.5,62.55,SOC,no
A0001372Y,43,1,26,2,37,43.50,FOS,nil
A0001969B,57,4.5,59,25,76,84.20,FOS,nil
A0001701H,21,2,15,10,23.5,29.90,FOS,yes
A0001580X,41,3,12,,,25.90,FOS,yes
A0000483W,50,2.5,40,18,49,64.10,FOS,nil
A0001127A,51,3,67.5,30,87.5,91.50,NUSHS,no
A0001257W,52,3.5,34.5,20.5,54.5,67.45,FOS,no
A0000286U,41,3,26,11,76,64.60,FOS,nil
A0001018E,47,3,25.5,7.5,49.5,55.15,FOS,no
A0000736U,53,3.5,36,19,55.5,67.40,FOS,no
A0000269R,50,2.5,46,17,47.5,64.20,SOC,no
A0001768H,54,3.5,39,27,76.5,80.40,FOS,no
A0002196N,50,3,37,20,57,68.20,FOS,nil
A0000397M,50,3.5,25,18,57,65.30,FASS,nil
A0000236A,53,3.5,54,23,78,82.00,FOS,nil
A0002018A,53,3.5,64.5,30,85.5,90.60,SOC,no
A0001542B,51,3,42,17,59,68.50,FOS,nil
A0000476R,46,2.5,62,20,55,69.90,FOS,nil
A0001041M,49,3.5,39,13,61,66.70,FOS,nil
A0001317B,49,3,39,9,58,63.00,FOS,nil
A0001830B,50,3.5,16,,,31.70,FOS,yes
A0001451A,51,3,57,29,71,82.30,FOS,nil
A0000110W,51,3.5,43,14,48,63.30,FASS,nil
A0002004M,49,3.5,22,8,46,54.80,FOS,nil
A0002227Y,54,3,45,28.5,82.5,84.25,LAW,no
A0000005N,30,3,19,,,21.80,FOS,no
A0001520J,55,3.5,59.5,28,89.5,90.20,FOS,no
A0000619U,39,3.5,11,6.5,,28.45,FOS,yes
A0002233E,51,2,38,19,48,63.30,FOS,nil
A0002055B,50,2.5,33,13.5,37,55.65,FOS,no
A0000276W,11,1,,,,6.50,,nil
A0001916R,48,1.5,36,9,37.5,52.20,SOC,yes
A0001434B,52,2,44,18,76.5,75.40,,no
A0001237Y,51,4.5,37.5,18,58.5,69.40,FOS,no
A0001708U,50,3.5,45,25.5,66.5,76.85,FOS,no
A0000477N,51,3,30,24,50.5,66.20,SOC,no
A0001800H,54,3.5,51,25,72.5,80.20,SOC,nil
A0000961U,53,4.5,55.5,11.5,70.5,74.55,FOS,no
A0000850Y,52,3.5,59,21.5,70.5,79.25,,no
A0001171E,53,3,54,24,87,85.60,SOC,no
A0000786J,54,3.5,47,26,70.5,79.10,SOC,nil
A0001869A,47,1,11,5,21,37.60,FASS,nil
A0001667L,51,3,59,27,79.5,85.10,SOC,nil
A0001429U,50,3.5,52,24.5,76.5,81.75,,no
A0001246Y,50,2.5,54,16,67.5,73.30,FOS,no
A0001975H,52,2.5,52.5,16.5,62,71.05,FOS,no
A0001411L,52,3,52,20,77,79.20,FOS,nil
A0001139X,50,3,29,15.5,59.5,65.35,FOS,no
A0001320M,46,3,9,8.5,41.5,48.65,FOS,no
A0001496L,50,3.5,24,11.5,45.5,57.25,SOC,no
A0002108A,40,1,18,6,22.5,36.60,FOS,yes
A0001565R,52,4.5,51,19.5,64,75.05,FOS,no
A0001914W,50,3,51,21,66,75.10,FOS,nil
A0001091A,55,5,46,23,86,85.10,FOS,nil
A0001913X,50,2,49,21,55,69.30,FOS,nil
A0000246B,50,2.5,46,15,46.5,62.80,SOC,no
A0002133H,50,3,68,23.5,72.5,82.35,,no
A0001399H,51,2.5,56,22,61,74.10,FOS,nil
A0000294W,50,4.5,34.5,18,64.5,71.20,FOS,no
A0001350H,56,3,68,29,,56.10,FOS,nil
A0001410M,44,2.5,11.5,5.5,21.5,38.15,FOS,yes
A0001292X,51,3.5,40,21,45,65.00,FOS,nil
A0000122N,52,3.5,23,9,56,60.00,FOS,nil
A0000210U,47,3,43,22,69.5,73.90,FOS,nil
A0001428W,56,4,58,28,89,90.20,FOS,nil
A0001226A,49,3.5,49,13.5,65,70.55,FOS,no
A0001972M,53,4,73,21,84.5,87.90,SOC,no
A0000645W,50,3,40,8,53,61.20,SOC,nil
A0001625X,50,3,46,15,56,67.10,FOS,nil
A0001956J,52,3.5,48,17,78,77.80,FOS,nil
A0001403J,50,2.5,45,,,36.50,BIZ,yes
A0000363B,55,3.5,58,27,71.5,82.20,SOC,nil
A0000112R,48,3,37,5,40.5,53.10,FOS,nil
A0000895H,55,3.5,48,25,70.5,78.80,SOC,no
A0001048Y,49,0,48,12.5,74.5,70.15,SOC,no
A0001669H,52,3,35.5,21,61.5,70.20,SOC,no
A0001015L,54,3.5,48,22,63,74.30,SOC,nil
A0000628U,54,3.5,67,21.5,78,83.85,,no
A0000081H,51,3,50,14.5,60,69.25,SOC,no
A0001377N,51,3.5,53,25,72.5,80.60,FOS,nil
A0001784L,54,3,38,,,35.60,SOC,yes
A0000756N,51,3.5,43,22,64,73.70,SOC,nil
A0000905X,56,3,67,24,76.5,84.00,SOC,nil
A0000450H,54,3.5,53,23,73,79.80,FOS,nil
A0000630H,52,4.5,43.5,25.5,63.5,76.35,FOS,no
A0001090E,34,2,37.5,6,44.5,47.30,FOS,yes
A0002211M,51,3,58,23,60.5,75.30,SOC,no
A0000127E,50,4,40.5,13,43.5,61.00,FOS,no
A0001790R,52,3.5,22,7,42,53.20,FOS,nil
A0000030U,55,4,55,16,59.5,71.80,SOC,no
A0001655R,51,4,49.5,24,70.5,79.10,FOS,no
A0001267U,23,0.5,,,,12.00,FOS,nil
A0002032L,50,2,23,3,,33.10,FASS,yes
A0000258W,51,3,49,11,54,64.90,FOS,nil
A0001690U,50,3,58,18.5,59.5,72.65,FOS,no
A0000356X,51,4.5,60,30,70,84.50,FOS,no
A0000010X,51,4,39,22,68,75.00,FOS,nil
A0000888A,49,3.5,42,18,58,68.60,FOS,nil
A0002193W,50,4,58,19,66,76.50,FOS,no
A0001929J,45,3.5,37,20,69.5,71.20,FOS,nil
A0002150J,53,2.5,73,27,84,89.20,FOS,nil
A0000090H,50,3.5,16,4,28,44.90,FOS,nil
A0000041N,50,3.5,45,10,55.5,64.70,FOS,no
A0001178R,51,3.5,25.5,16.5,50.5,62.05,FOS,no
A0000453B,50,2.5,43.5,21,73.5,76.10,SOC,no
A0000485R,51,3.5,56,23,67,78.00,FASS,nil
A0000584R,43,3.5,28.5,17.5,,39.45,FOS,yes
A0001516Y,44,1.5,31.5,16.5,42,54.85,FOS,no
A0000482X,54,5,47.5,13,59.5,69.80,BIZ,no
A0002159R,50,3.5,54,20,54,70.90,FOS,nil
A0000523E,50,3,63,24.5,72,81.65,FOS,no
A0000499H,52,3,57,24,59.5,75.20,FOS,nil
A0000837N,45,3,17,8,32.5,45.90,FOS,nil
A0001107H,51,2,47,20,74,76.00,FOS,no
A0001278N,50,3,29.5,21,42,61.20,FOS,no
A0001490X,52,3,45,24,68,76.20,FOS,no
A0000959E,56,4,68,21.5,75,83.35,FOS,no
A0001853R,37,2.5,22,6,41,44.80,FOS,nil
A0000748M,56,4.5,28,21,58,68.80,FOS,nil
A0001902B,56,3.5,58,28,72,82.90,FOS,nil
A0001700J,45,3.5,4,3,22,37.10,FOS,nil
A0000086X,50,1,19,4.5,31.5,44.65,SOC,yes
A0000976H,46,2.5,14,20,40,54.30,FOS,nil
A0001152H,50,3.5,15,3,,33.00,FOS,yes
A0001142J,52,3.5,54,18,81,80.70,SOC,no
A0000434A,50,3.5,46.5,28,68,79.00,FOS,no
A0000491X,51,3.5,48,18,70.5,75.30,FOS,no
A0000267W,50,3.5,43,17,70,73.60,FOS,no
A0001006L,48,3.5,36,9,52,60.00,BIZ,nil
A0000843W,45,2.5,24,5,19.5,40.10,FOS,yes
A0002033J,25,2.5,7,2,11,21.80,FOS,nil
A0000804B,50,4,62,16,75,79.40,FOS,no
A0001686J,50,3.5,38,14,47,61.90,SOC,nil
A0001996B,52,3,43,12,72,71.40,FOS,nil
A0000567N,54,3.5,52,27,74,82.00,FOS,nil
A0001664R,53,2,64,28,92,90.60,SOC,nil
A0000257X,51,3,44,26,62,74.60,FOS,nil
A0001461B,52,3.5,49.5,22.5,76,80.05,FOS,no
A0002178N,46,3,37,15,64,66.50,FOS,nil
A0000740A,53,3,52,25,76,81.30,FOS,nil
A0001889Y,51,4,40.5,28,74.5,80.90,SOC,no
A0001169R,49,2.5,44,13.5,70.5,70.75,FOS,no
A0000848L,51,3,15,7,34,48.10,FOS,nil
A0001949E,53,3,61,25,64,78.30,SOC,nil
A0000278R,49,4,28,7,41,54.00,FOS,nil
A0001106J,50,3,55,25,84,85.10,FOS,nil
A0001223J,45,3.5,7.5,,,27.50,FASS,yes
A0001050M,52,2.5,40.5,6,44,56.20,FOS,no
A0001362B,43,2.5,38,14,57,61.40,BIZ,nil
A0001023M,51,3.5,31,11,49,59.80,SOC,nil
A0000043L,47,2.5,26,15,47,57.50,FASS,nil
A0001963M,50,3.5,19,15,47,58.60,FOS,nil
A0000069W,52,4,35.5,21,68,73.80,SOC,no
A0001839J,50,3,12,11.5,21.5,44.75,SOC,yes
A0001752W,53,3.5,60,30,61.5,80.10,FOS,no
A0000237B,51,3.5,30,10,,39.50,FOS,yes
A0000192B,49,3,64,20.5,81.5,83.15,,no
A0000839L,50,4,48,27,67.5,79.10,FOS,no
A0000431J,54,3.5,52,20,87,83.70,SOC,no
A0000251J,49,3,22,5,43,51.60,FOS,nil
A0000234H,49,3,34,21,50,64.80,SOC,no
A0001101U,49,3.5,35.5,21,45.5,63.80,FOS,no
A0000882N,54,3.5,54,23,84,84.40,FASS,nil
A0001974J,52,3.5,42,28,66,77.30,FOS,no
A0001344B,50,3,30,16,48.5,61.40,SOC,no
A0001979Y,50,3,31.5,14.5,52.5,62.55,BIZ,no
A0000564W,52,3.5,30,4,34.5,50.30,FOS,yes
A0001654U,51,4,40.5,22.5,58.5,71.75,FOS,no
A0000213M,47,3.5,33,9,45,56.10,FOS,nil
A0000437X,50,3.5,42,13,54,65.00,FOS,nil
A0001817R,51,4.5,8,3,38,47.80,FOS,nil
A0000071J,50,3.5,49.5,24,62,75.20,FASS,no
A0000648N,48,2,26,10,50,56.20,FASS,nil
A0000917R,50,3.5,21,22.5,45.5,62.15,FOS,no
A0000335A,43,3.5,37,12,42,55.20,FOS,nil
A0000012U,51,3.5,45,25,52,70.80,FOS,no
A0000830A,50,4,36,18,58,68.40,FOS,nil
A0000658M,48,2,36,10,42,55.00,FOS,yes
A0002192X,50,3,36,9,38,54.90,FOS,nil
A0000120U,50,2.5,37,19,71.5,73.00,SOC,nil
A0001529R,51,2.5,29,9,56,60.20,SOC,nil
A0001404H,50,3,38.5,15,68,70.40,FOS,no
A0001640A,53,3.5,54,23,71,79.20,FOS,nil
A0001328X,45,3,9,10,45,50.30,FOS,nil
A0002010U,43,2,26,15,40,52.20,FOS,nil
A0000399J,44,2.5,39,11,54,59.40,FOS,nil
A0000470A,51,3.5,41.5,28.5,68,78.25,SOC,no
A0002167U,50,3.5,33,13,62.5,66.60,SOC,no
A0001733X,47,2,37,16,59,64.50,FOS,nil
A0000627W,51,3.5,55,24,73.5,80.90,FOS,no
A0001422H,57,3.5,72,29,91,93.80,,nil
A0002114J,52,3,36,20,76,75.60,FOS,nil
A0002187N,52,3,59,22.5,74,80.65,SOC,no
A0001644W,51,2.5,,,63,52.70,FOS,nil
A0001240L,50,3,43,11,68,69.30,SOC,no
A0002095U,39,3,37,5.5,,32.65,SOC,no
A0000931Y,52,3.5,60,27,82.5,87.00,FOS,nil
A0001332H,50,3,62,25,83,86.10,FOS,nil
A0000635X,51,3,48,16,50.5,65.80,SOC,no
A0002023L,46,3.5,27,21,54,64.00,FOS,nil
A0001737N,50,2.5,12,,,29.90,FOS,no
A0000719R,50,3.5,58,26,80,85.10,SOC,nil
A0000080J,55,3,48,24,70,77.60,FOS,nil
A0001045E,50,2,48,17,56,67.50,FOS,nil
A0001806W,47,2.5,47,15,64,68.50,FOS,no
A0001025J,50,3.5,40.5,24,74.5,78.40,SOC,no
A0001416B,50,3,22.5,13,42,55.80,FOS,yes
A0000366W,51,3,46.5,23.5,80,81.05,SOC,no
A0000518X,48,3.5,23.5,12,36.5,52.80,FOS,yes
A0000209A,50,3.5,42,7.5,38.5,56.05,FOS,yes
A0001341H,51,3.5,60,29.5,76,85.65,FOS,no
A0001882M,30,2,49,,,26.80,,yes
A0001488J,36,1,15,,,22.00,FOS,yes
A0001628R,50,3.5,8.5,13.5,46.5,55.55,FOS,yes
A0000777J,52,3,73,24.5,91,91.25,,no
A0000323J,42,1.5,36,13.5,59.5,60.25,FOS,no
A0001509W,48,3,31,11,41,55.10,FOS,nil
A0001463X,52,2.5,29,14,43,57.50,FOS,nil
A0002219X,55,3.5,68,28,84,89.70,FOS,nil
A0001980N,54,4,54,21.5,70,78.55,SOC,no
A0001631A,50,3,37.5,14.5,56,65.15,FOS,no
A0001056B,51,4,37.5,23.5,57.5,71.25,SOC,no
A0000864N,50,3.5,25,13,24,49.60,FASS,nil
A0000790U,52,3,39,20,61,70.20,FOS,nil
A0000588J,50,2.5,45,21,43.5,64.40,FOS,no
A0002074Y,50,3,46,13.5,60,67.95,FOE,no
A0000423H,51,3,61,18,68,76.40,BIZ,no
A0000369N,50,3.5,41,18,68,72.90,FOS,nil
A0000446X,51,2.5,51,21,58,71.40,FOS,nil
A0001581W,50,3,37.5,20.5,44,63.35,SOC,no
A0000901E,51,3.5,18,7,35,49.60,FOS,nil
A0001412J,51,3,51,19,51,68.10,FOS,nil
A0000053J,49,2,48,26.5,77.5,80.35,NUSHS,no
A0001986A,57,3,59,22,76,81.20,FOS,nil
A0001437W,50,2.5,60,29,74.5,83.80,FOS,nil
A0000336B,54,3.5,66,24,94.5,91.50,,no
A0001420L,46,1.5,48,15,70,69.60,BIZ,nil
A0000455X,50,3.5,26,15,57,64.00,FOS,nil
A0001651Y,55,3.5,55,28,75,83.50,FOS,nil
A0000739M,53,3.5,40,14,56,65.90,FOS,nil
A0001253A,51,1.5,44,15,59,66.40,FOS,no
A0000394U,50,3,40.5,20.5,62.5,71.35,SOC,no
A0001811A,53,3,58,28,77.5,84.60,SOC,nil
A0002144A,43,0,15,1,24,34.60,SDE,nil
A0001945M,53,3,30,29.5,75.5,78.95,FOS,no
A0002176U,50,3,47,18,56,68.80,FOS,nil
A0000660B,56,3.5,73,26,84,89.70,SOC,nil
A0002231J,34,1,29,,,23.80,SOC,no
A0001905W,51,4.5,49,23,73,80.00,FOS,no
A0001660Y,49,3,18,8,46,53.50,FOS,nil
A0001981M,50,4,34.5,12,34,55.50,SOC,no
A0000185X,54,3.5,62,20.5,81.5,83.75,FOS,no
A0000194X,48,3,40,9,44,57.10,FOS,nil
A0001430J,49,3,22,9,45,54.40,FASS,nil
A0000820E,49,3,41,5,58.5,61.60,SOC,no
A0000063H,51,3.5,23,5.5,28.5,47.25,FOS,yes
A0001375U,52,5,52.5,16.5,56,71.15,SOC,no
A0001633Y,50,3.5,44,19,51,67.20,FOS,nil
A0000681W,53,4,32,14,46,60.80,FOS,nil
A0000144H,41,2.5,28.5,4.5,41.5,47.55,FOS,yes
A0000359R,47,3.5,39,23.5,78.5,77.95,FOS,no
A0001310N,49,3.5,32,19.5,68,71.35,FOS,no
A0001550A,50,3.5,26,10,54,60.30,FOS,nil
A0001456U,54,3.5,57,26,82,85.70,SOC,nil
A0001694L,21,0.5,10,,,13.00,FOS,no
A0000730E,52,4,26,11,48,58.90,FOS,nil
A0000938L,51,2.5,57,24,66,77.30,,nil
A0000152J,50,3.5,37.5,27,54.5,71.30,SOC,no
A0001024L,52,4,50,14.5,68,73.45,SOC,no
A0001180E,50,3,25,3,26,44.90,FOS,nil
A0001988Y,54,3.5,44,29,63,77.00,SDE,nil
A0001815W,54,3.5,47,22.5,76.5,79.75,,no
A0000162H,56,5,61,20,87,87.00,FOS,no
A0000510M,50,3.5,52,25,80,83.40,SOC,nil
A0002121M,49,2.5,32,17,42,58.70,FOS,nil
A0001033L,48,3,42,16,46,61.80,FOS,no
A0000515A,25,3,4,,,16.30,FASS,yes
A0000452A,53,3,57,23.5,76,81.55,,no
A0000138B,50,3,59,26,61,77.20,FOS,nil
A0001886E,49,3.5,38,22,54,68.20,FOS,nil
A0000958H,55,3,56,29,82,86.50,FOS,nil
A0000866L,53,3,51,23,74,79.30,FOS,no
A0001060L,52,2.5,33,18,66,69.50,,no
A0000451E,51,3.5,41,16,43.5,62.10,FOS,nil
A0001266W,53,3.5,42,25,83,82.60,SOC,nil
A0001554W,53,3.5,32,15,51,62.80,FOS,nil
A0000531H,51,3,52,14,58.5,68.80,SOC,no
A0000746R,50,3.5,37,10,42,57.70,FOS,nil
A0001338W,46,1,55,28,77,79.80,FOS,nil
A0000534B,50,3.5,28.5,4,37.5,51.20,SOC,yes
A0000339W,49,3,42,12,50,61.90,FOS,nil
A0001536W,53,3.5,63,25,62,78.40,FOS,nil
A0000626X,51,3.5,58,19,86.5,84.20,FOS,no
A0001989X,55,3,55,23,67,77.30,FOS,nil
A0000865M,53,3.5,31.5,24,61.5,71.40,FOS,no
A0000487M,51,3.5,40,23,60,72.00,FOS,nil
A0000216H,50,3.5,40,18.5,62.5,70.75,SOC,no
A0001472X,51,3.5,35,17,54,65.60,SOC,nil
A0001323H,51,4,63,27,78.5,86.50,SOC,no
A0001121N,50,3.5,52,19,58.5,71.80,,no
A0000650A,32,1,34,,15,29.80,FOS,no
A0001182B,46,2.5,41,24,52,66.50,FOS,nil
A0002024J,53,4.5,69,27,83,90.00,SOC,nil
A0000095X,51,3,55,20.5,77,80.05,SOC,no
A0000140N,51,4,54,18,68,76.00,SOC,no
A0001241J,50,3.5,45,12,60.5,67.70,FOS,no
A0001027E,47,3,36,17,60,66.20,FOS,nil
A0002027A,51,4,40,13,62,68.30,SOC,no
A0001532A,52,2.5,27,16.5,62.5,66.15,SOC,no
A0001710H,42,2.5,21,1,27,39.00,FOS,nil
A0000883M,52,3.5,69,24,74.5,84.10,FOS,nil
A0001019A,42,0.5,19.5,13,,31.90,FASS,yes
A0001836N,53,3,62,24,74,82.00,FOE,nil
A0001094X,50,3.5,49.5,28,76,82.80,SOC,no
A0001186U,50,3.5,30,15,53.5,63.40,FOS,no
A0000034L,50,3,58,17.5,84,81.95,SOC,no
A0001998X,49,3,35,5,51,57.40,FASS,nil
A0002092Y,45,3.5,12,15,32,48.70,FOS,nil
A0002173Y,52,3.5,54,21,55,71.80,FASS,nil
A0000998Y,44,3,27,10.5,38,50.85,SOC,yes
A0001324E,49,3,7,1,12,34.20,FOS,nil
A0000995E,50,2.5,30,15,62,65.80,FOE,nil
A0000139Y,50,3.5,36,19,71,73.60,FOS,nil
A0001810E,46,3.5,36,,,33.70,SOC,yes
A0001695J,50,4.5,39,15,22.5,53.80,FOS,no
A0000087W,50,3.5,50,16,74,76.10,FASS,nil
A0000899Y,52,3,75,30,84,91.60,FOS,nil
A0002041L,45,3,10.5,11.5,34,46.95,FOS,no
A0000379M,50,3.5,51,18,71,76.10,FOS,no
A0001103N,49,3,16,11,,36.20,,yes
A0001515B,57,3.5,65,24.5,84,87.35,FOS,no
A0001900E,40,3,12,3,,26.90,FOS,yes
A0000158X,51,3.5,19,7,53,57.00,FOS,nil
A0001936M,54,3.5,55,23,78.5,82.40,FOS,nil
A0000474W,50,3.5,48,16,52,66.90,BIZ,no
A0000986E,50,3,31.5,19,60,67.80,SOC,no
A0000274Y,48,2,21,13.5,57.5,59.95,FOS,no
A0001537U,50,3,47,24,53,70.60,FOS,nil
A0000031R,52,3.5,40.5,28,,50.60,FOS,yes
A0000314J,51,3.5,36,11,64,66.80,FOS,nil
A0002126A,50,2,33,15,46.5,59.70,SOC,no
A0001229X,50,3,34.5,13,29.5,53.20,FOS,yes
A0001408Y,52,3.5,43,21,62,72.40,FOS,nil
A0000224J,50,4.5,47.5,22.5,68,77.45,SOC,no
A0000211R,54,3.5,51,18,75,77.70,BIZ,nil
A0000256Y,53,3,43.5,21,54,68.80,FOS,no
A0000410N,22,1.5,13,4.5,,17.35,FOS,yes
A0000770X,51,3.5,56,26,64,78.30,FOS,nil
A0002061H,50,2.5,15,9,41,51.40,FOS,nil
A0001871R,50,2.5,15,12,68,63.70,SOC,no
A0001161H,53,4,40,13.5,64.5,69.55,SOC,no
A0000633B,35,2,24,5,34,40.40,FOS,nil
A0000738N,51,3.5,46,15,50,65.20,SDE,nil
A0001104M,45,3,20,12,40,51.50,FOS,nil
A0000221N,53,3.5,43,27,65,76.60,FOS,nil
A0001157X,50,3,33,11,48,59.30,FOS,nil
A0001740B,15,0.5,,,31,20.40,FOS,nil
A0001014M,52,3.5,64,20,88.5,86.70,,no
A0000347X,55,3.5,62,22,89,87.50,SOC,no
A0000065A,50,3,55.5,22.5,77.5,81.35,SOC,no
A0001340J,51,3.5,48,19,52.5,68.60,FOS,no
A0000055E,39,2.5,46.5,21,60.5,66.00,SOC,no
A0002170E,50,3,46,14.5,48.5,63.85,FOS,yes
A0001297M,47,3,56,17,58,69.40,SOC,no
A0001856L,44,2.5,26,10,53,55.90,FOS,nil
A0002129X,52,3,50,23,61,73.90,SOC,nil
A0000186W,47,3,34,8,37,52.10,FOS,nil
A0002190B,53,4.5,55,21,60,75.00,FOS,nil
A0000193Y,50,3,29,13,39.5,56.10,FOS,yes
A0002039X,54,3.5,60,24,80.5,84.70,SOC,nil
A0000128A,50,3.5,24,18,30.5,54.50,SOC,no
A0001070J,50,3.5,36,17,46,62.60,FOS,nil
A0000960W,50,3.5,29,20,61,68.70,SOC,nil
A0001567M,9,0,19,,29,19.90,FOS,nil
A0000189N,50,3,40,9,67,67.30,FOS,nil
A0000501M,50,3.5,37,10.5,55,63.15,FOS,no
A0000788E,50,3,54,23.5,73.5,79.95,SOC,no
A0000104N,56,3.5,63,28,82,87.90,FOS,nil
A0000809R,53,3.5,31,19,70.5,72.40,FOS,no
A0002234A,52,3.5,43,19.5,69,74.45,SOC,no
A0001233H,50,3,49,23,68.5,76.70,FOS,nil
A0001812B,51,3.5,48,22,48,68.30,SOC,nil
A0001862R,50,3.5,30,11,41,56.40,FOS,nil
A0001676L,52,3,43,24,51,69.00,FOS,nil
A0000096W,50,3.5,45,27,75.5,81.20,FOS,nil
A0001785J,49,1,,,,25.50,FOS,nil
A0000797E,54,3.5,64,23,80,84.80,SOC,nil
A0000143J,50,3,48,18,73.5,76.00,FOS,no
A0000768J,52,3,52,26,60,75.40,FOS,nil
A0000887E,53,1.5,54,12,56,65.70,FOS,nil
A0000317A,50,4,22.5,19.5,38.5,58.65,SOC,no
A0000270H,54,3.5,63,26,78,85.30,FOS,nil
A0000422J,52,3.5,69,21,74,82.40,SOC,nil
A0001132L,51,3,42,18,65,71.40,FOS,nil
A0001150L,52,3.5,58,27,79,85.20,FOS,nil
A0002177R,50,3.5,36,17.5,62,69.25,FOS,no
A0001792M,52,3.5,30,11,61,64.40,FOS,nil
A0001891M,50,2.5,34.5,25.5,,47.15,SOC,yes
A0000649M,52,3,44,17,57,68.10,FOS,nil
A0001365W,50,3,12,1.5,17.5,38.15,FASS,no
A0000750B,48,4,33,20.5,42.5,61.85,SOC,no
A0001210R,49,3,51,20,63.5,73.10,FOS,no
A0001134H,52,3.5,60,19.5,68,77.45,SOC,no
A0001295R,50,3.5,40.5,23.5,76.5,78.95,FASS,no
A0000350J,51,3.5,59,22,72.5,80.30,FOS,nil
A0000595M,50,3.5,42,25,49.5,69.20,SOC,no
A0002140L,51,2.5,56,17,81.5,79.80,FOS,no
A0000950X,50,4.5,46.5,18,65.5,74.00,FOS,no
A0000608X,53,4,49,18,70.5,76.00,FOS,nil
A0001407B,50,3,19,6,28.5,46.20,FOS,nil
A0001682R,52,3.5,42,18,55,67.90,FOS,nil
A0001973L,50,3.5,13.5,11.5,16,43.35,FOS,yes
A0000036H,49,3.5,38,10.5,30,52.85,FOS,yes
A0001082A,57,5,69,20.5,86,88.45,FOS,no
A0000912B,50,2.5,41,17,56.5,66.80,FOS,no
A0001894H,50,2,24,19,37,56.10,FOS,nil
A0001746N,54,3.5,68,27,77.5,86.60,FOS,nil
A0002158U,44,3,15,7,37,46.30,FOS,nil
A0001402L,50,3.5,30,17,49.5,62.80,SDE,no
A0001203M,53,3,75,30,80,90.00,,nil
A0000201U,56,3.5,66,29,79,87.80,FOS,nil
A0001947J,53,4,30,17,61,67.90,FOS,nil
A0001450E,56,3.5,61,25,87,88.00,FOS,no
A0002006J,50,3.5,35,16,54,65.10,FASS,nil
A0000729N,51,3,53,23,76,80.50,FASS,nil
A0000208E,52,1.5,66,26,72,81.50,FOS,nil
A0000728R,51,3.5,35,8,47,58.30,FASS,nil
A0001650B,51,3.5,70,28,79,88.10,FOS,nil
A0001599A,51,3.5,33,25.5,62,72.65,SOC,no
A0001064A,55,5,60,27,78.5,86.90,FOS,no
A0001771U,51,3.5,32,6,49,57.50,FOS,nil
A0000404J,50,3,40,19,66.5,72.10,SOC,no
A0001126E,51,3,26,12,45,57.20,FOS,nil
A0001013N,49,2.5,49,19,53,67.50,FOS,nil
A0001026H,46,4,23,4,31,46.00,FOS,no
A0001728N,53,3,34,11,48,59.50,FOS,nil
A0002042J,12,1,18,0,,10.60,FOS,nil
A0000791R,52,3.5,54,24,64,76.90,SOC,nil
A0001130N,50,3,37,23,61,71.30,SDE,nil
A0000874M,43,2,31.5,7,21.5,41.90,FOS,yes
A0000026J,52,3.5,50,20,57,71.30,FOS,nil
A0000836R,15,0.5,12,,,10.40,FOS,nil
A0001442A,50,3,22.5,13,58,62.20,FOS,no
A0000146A,47,3.5,22,18,51,60.80,FOS,nil
A0001564U,48,3,30,22,49,63.60,FOS,nil
A0000851X,50,3.5,43.5,18,33.5,59.60,FOS,no
A0000975J,51,2.5,50,19,59,70.60,FOE,nil
A0001822Y,51,3.5,22,8,44,54.50,FASS,nil
A0001151J,43,3,13,6,26,40.50,BIZ,nil
A0001705Y,55,4.5,52.5,25.5,58,75.95,FOS,no
A0001797A,44,2.5,6,1.5,7.5,29.45,BIZ,no
A0000827R,52,3,24,11,46,56.70,FOS,nil
A0000163E,53,3.5,60,25,86,87.40,SOC,no
A0001713B,54,2.5,60,25,91,88.40,FOS,nil
A0000465W,49,3,45,16.5,73,73.95,FOS,no
A0000706Y,45,3,36,24,58.5,68.10,FOS,no
A0000512J,50,2.5,45,21,58.5,70.40,FOS,nil
A0001528U,53,2.5,50,13,74.5,73.80,SOC,no
A0000956L,51,3.5,31.5,20.5,60.5,69.25,FOS,no
A0001349R,52,3.5,29,18,61,67.70,SOC,no
A0001569J,54,3.5,66,25,78,85.40,FOS,nil
A0001212M,53,3,46,28,69,78.80,FOS,nil
A0001334A,27,2,31.5,4.5,13.5,29.45,FOS,yes
A0000233J,49,3,60,17.5,69,75.85,SOC,no
A0001791N,52,3,52,23,72,78.70,FOS,nil
A0000650A,0,0,,,,0.00,FOS,no
A0000123M,47,3.5,27,15,45,57.90,FOS,nil
A0000165B,51,3,54,18,71,76.20,FOS,nil
A0000674R,50,3.5,34.5,10.5,52,61.45,SOC,no
A0000698E,52,2.5,59,21,78.5,81.20,FOS,no
A0001381Y,46,2.5,30,11,49,56.60,FOS,nil
A0002040M,50,2.5,46.5,25.5,80,81.55,SOC,no
A0001639M,22,1,22,,,16.40,FOS,yes
A0001558M,50,1,51,18.5,54.5,67.25,SOC,no
A0001743W,48,2.5,18,,64,55.70,FOS,no
A0000910E,55,2.5,72,28,91,92.30,FOS,nil
A0001602H,50,3.5,27,26.5,54.5,68.95,FOS,no
A0001265X,48,3,26,10,53,58.40,FOS,nil
A0001735U,54,3.5,38,12,47,60.90,FOS,nil
A0001102R,51,2.5,7,2,29,41.50,FOS,nil
A0001824W,39,1.5,35,3,26,39.90,,nil
A0000971R,50,3,33,9,40.5,55.30,SOC,yes
A0001140M,54,4,54,25,65,78.30,FOS,nil
A0000741B,51,4,49,10.5,42,60.85,FOS,no
A0000656R,49,3.5,39,19,38,60.50,FOS,nil
A0001937L,52,3.5,53,22.5,69,77.95,FOS,no
A0001079R,48,1.5,40,19,58,66.20,FOS,nil
A0001427X,50,3.5,18,10,27,47.90,FOS,nil
A0002049W,38,1.5,31.5,9,36,45.70,FOS,yes
A0000218A,50,2.5,10,7,26,43.40,FOS,nil
A0001854N,47,2.5,29,8,60,59.80,FOS,nil
A0000419X,45,3.5,25,11.5,38,51.95,FOS,yes
A0001944N,42,2.5,21,2,25,38.70,FOS,nil
A0001992J,50,4,36,7.5,52.5,60.95,SOC,no
A0000328Y,50,3.5,24,5,42,52.60,FOS,nil
A0001489H,49,4,23,8,38,52.30,SOC,yes
A0001207E,48,3.5,38,17.5,57.5,66.85,SOC,no
A0001005M,49,3,45,17,70,73.00,FOS,nil
A0001901A,44,3,36,10,45.5,55.40,FOS,nil
A0000653X,54,3,60,28,79,85.60,SOC,nil
A0000943U,52,3,40,22.5,76,77.65,BIZ,no
A0001990M,48,3.5,36,14,64,67.30,FOS,nil
A0002088N,50,3.5,31,10,36,54.10,FOS,nil
A0001813Y,51,3,48,23,56,71.50,FASS,nil
A0000490Y,43,2.5,41,18,56,63.60,,nil
A0002155Y,48,2.5,57,15,75,75.40,,no
A0001541A,48,3,33,6,40,52.60,FOS,yes
A0000072H,50,3.5,28.5,20.5,74.5,74.25,FOS,no
A0001184X,50,3.5,38,17,60,68.60,SOC,no
A0001312L,50,3.5,29,18,44,60.90,FOS,nil
A0001843U,50,3.5,49,16,65,72.30,FOS,nil
A0000183B,51,3,46.5,19,54.5,68.60,FOS,yes
A0001036E,50,3.5,30,16,50.5,62.70,SOC,no
A0000831B,50,3,40.5,13,47.5,61.60,FOS,yes
A0002195R,54,2.5,56,23,84,83.80,FOS,no
A0001995A,51,3.5,35,15,51,63.40,FOS,nil
A0001834U,52,4,48,27,66.5,78.70,SOC,no
A0001665N,44,3,36,13,45.5,56.90,FOS,no
A0001218B,52,3,67,29,86,90.30,FOS,nil
A0000957J,49,2.5,12,8,28,44.60,SDE,nil
A0000613E,48,3.5,29,10,43,55.50,FOS,nil
A0002035E,52,4.5,19.5,12,35.5,53.60,FOS,no
A0000550E,50,3,22,15,37.5,54.90,FOS,yes
A0001958E,24,2.5,29,,,20.30,BIZ,yes
A0002048X,36,1.5,31,11,45,49.20,FOS,nil
A0000908R,50,3,33,18,56.5,66.20,BIZ,no
A0000962R,56,4,64,24.5,81,86.45,,no
A0001766L,50,3,42,15,37.5,58.90,SOC,nil
A0002206E,50,3.5,30,29.5,62,74.05,FOS,no
A0001804Y,55,3.5,73,27,78,87.80,FOS,nil
A0000606B,37,2,17,3,,25.40,FOS,nil
A0000252H,50,3.5,30,23,67,72.80,SOC,no
A0000937M,48,2.5,29,7,47,54.60,FOS,nil
A0000845R,50,2.5,30,9,41.5,54.60,FOS,nil
A0001605B,50,2.5,49.5,29.5,70.5,80.35,SOC,no
A0000590X,50,2.5,26,12,33.5,52.10,FOS,yes
A0000045H,53,3.5,31,6,56,60.10,FOS,nil
A0000205L,50,3.5,20,13,41,55.40,FOS,nil
A0000388M,50,3,41,18,55,67.20,FOS,nil
A0002184W,51,3.5,60,30,73.5,84.90,SOC,no
A0001825U,53,3.5,37,17.5,59.5,68.45,SOC,no
A0001192Y,50,3,29,23,51,65.70,FOS,nil
A0001912Y,51,3.5,50,17,63,72.20,SOC,no
A0001454X,31,2.5,16.5,4.5,13.5,28.95,SOC,yes
A0002181B,47,0.5,50,17.5,63.5,68.15,FOS,no
A0000713A,54,2.5,51,25.5,82.5,83.45,FOS,no
A0002188M,50,3,45,13.5,63,68.95,SOC,no
A0000015M,52,4,61,22,87,87.00,FASS,no
A0000244E,54,3.5,43.5,28.5,72.5,80.45,FOS,no
A0000580Y,49,3,63,29,80,86.60,FASS,nil
A0002030N,48,3,36,13,53.5,62.10,FOS,no
A0001880R,50,3,33,15,30.5,54.30,FOS,no
A0001431H,49,3,21,11,55,59.20,FOS,nil
A0000298M,51,3,31,21,55,66.70,FOS,nil
A0000557R,46,3.5,22.5,,,31.00,FOS,yes
A0001007J,46,3.5,10,9,28,44.20,FOS,nil
A0002009A,47,3,29,5,32,47.60,FOS,no
A0000898B,50,3.5,43,18,50,66.10,SOC,no
A0000657N,46,3,59,21,61,72.70,,no
A0000241L,45,2.5,51,24,66,73.60,FOS,no
A0001959A,50,3.5,22.5,11.5,48.5,58.15,FOS,no
A0000780W,41,0,33,10.5,46.5,50.95,FOS,no
A0001346X,48,2.5,12,13.5,33.5,49.05,SOC,yes
A0001037A,54,3.5,40,26,85,83.50,FOE,nil
A0000803A,47,4.5,27,20,48,62.60,FOS,nil
A0000691U,48,4.5,39,8,48.5,59.70,FOS,no
A0000362A,53,3.5,49,23,87,84.60,FOS,nil
A0000170J,48,3.5,26,23,56,66.60,FOS,nil
A0000027H,52,2.5,33,10.5,69.5,67.15,FOS,no
A0000337Y,52,3,54,20,62,73.60,FASS,nil
A0000105M,52,3.5,39,25,59,72.40,FOS,nil
A0000049Y,52,2.5,63,18,81,81.50,FOS,no
A0000999X,53,4,35,20,46,64.40,FOS,nil
A0000863R,54,3,27,22.5,60.5,68.85,FOS,no
A0001941W,49,3.5,46,13,44,61.30,BIZ,nil
A0001280A,51,3.5,56,20.5,79.5,81.75,SOC,no
A0001887A,48,3.5,25.5,12,47.5,57.60,SOC,no
A0000496M,51,2.5,,26,76,70.90,FOS,nil
A0000521J,44,3.5,33,7,25,45.60,FASS,nil
A0002139W,52,3.5,48,16,70,74.10,FOE,nil
A0000572X,50,3,47,13,48.5,63.30,FOS,no
A0001629N,47,3,27,7,57,58.20,SOC,yes
A0001696H,51,3,57,21,,49.90,SOC,nil
A0000615B,50,3,21,13,40.5,54.90,FOS,no
A0001065B,53,4.5,42,21,69.5,76.20,FOS,no
A0000819N,54,3.5,33,17.5,65,69.85,SOC,no
A0001386N,50,3,31,10,45,57.20,SOC,nil
A0001670X,54,3,47,18,41,62.80,SOC,no
A0000293X,48,3.5,29,13,47,58.60,SOC,yes
A0001458N,54,3.5,43,20.5,64.5,73.15,FOS,no
A0000352E,50,3,37,21,50.5,66.10,SOC,no
A0000946M,52,3.5,44,16.5,72.5,74.55,FOS,no
A0001172A,50,4,30,13,25.5,51.70,SOC,yes
A0000944R,48,3,51,5.5,43.5,57.35,SDE,no
A0001893J,52,3.5,57,21,67.5,77.40,SOC,nil
A0001627U,52,3.5,44,23,70,76.80,SOC,nil
A0000909N,54,3,42,19.5,64,71.75,FOS,no
A0001468M,55,3.5,75,29,92,94.80,SOC,nil
A0000840B,48,3.5,40,19,69,72.60,FOS,nil
A0000383X,50,2.5,36,9,37,54.00,SOC,no
A0001052J,51,3,59,28,74,83.40,SOC,nil
A0001158W,51,4,45,11,33,56.70,FOS,yes
A0000891N,49,3,24,17,55,62.80,BIZ,nil
A0001782N,48,2,49,14,71,71.20,FOS,nil
A0001895E,49,3.5,41,17,59,68.30,FOS,nil
A0001409X,51,5,50,19,66,75.90,FOS,no
A0001931X,55,3.5,74,29,92,94.60,FOS,nil
A0002157W,50,3,68,28,80,87.60,FOS,nil
A0001678H,52,3.5,60,21,76,81.40,SOC,nil
A0001706X,55,3.5,55,25,74,81.60,SOC,nil
A0001794J,50,3,54,13,56,67.70,SOC,no
A0000009H,52,3.5,57,21,83,83.60,FOS,nil
A0001393U,41,3,36,11,32,49.00,FOS,nil
A0000759J,50,3,19.5,22.5,37.5,58.15,FOS,no
A0001333E,55,4.5,34.5,28.5,56,73.05,FOS,no
A0001176W,51,3.5,29,19,76,74.20,FOS,nil
A0002119Y,44,2,27,8.5,36,48.05,FOS,no
A0001012R,53,3,40,17.5,,44.75,SOC,yes
A0001507Y,51,3.5,34.5,15,50,62.90,SOC,no
A0001832X,50,4,55.5,22,72,79.90,SOC,no
A0000119A,51,4,39,18,50,65.80,FOS,nil
A0002215E,46,3,19,,,29.80,SOC,yes
A0000409Y,50,3,49.5,28,66,78.30,SOC,no
A0002207A,37,1.5,41,28,46,60.60,SDE,nil
A0001029B,49,2,7.5,,,28.00,FOS,yes
A0001681U,51,3,39,22,58,70.00,SOC,nil
A0001337X,50,4.5,30,13,45.5,60.20,SOC,no
A0000842X,53,3,39,28,72,78.60,FOS,no
A0000939J,60,5,60,30,86.5,91.60,FOS,no
A0001809N,53,3,60,23,76,81.90,SOC,no
A0000466U,54,2.5,44,20.5,76.5,77.15,FOS,no
A0000855N,0,,,,,0.00,FOS,nil
A0000695L,50,4.5,33,15,56.5,66.20,FOS,no
A0000115L,47,2.5,31,5,33.5,48.10,FOS,nil
A0000629R,52,3.5,52,26,73,81.10,SOC,nil
A0001361A,42,3.5,22,10.5,36.5,48.75,FOS,yes
A0000412L,51,3.5,51,25,72,80.00,BIZ,nil
A0001579H,51,3,28,18,48,61.80,FOS,nil
A0001009E,55,4.5,63,25,84,88.20,SOC,nil
A0001586L,51,3.5,57,23,75,81.40,SOC,nil
A0000408B,55,3.5,64,25,86,88.20,FOS,nil
A0002015J,49,3.5,51,13.5,64,70.55,FOS,no
A0001196R,50,3,51,22,84,82.80,FOS,nil
A0000682U,51,3.5,30,6,54,59.10,FOS,nil
A0001663U,43,3,35,5,38.5,49.40,FOS,no
A0002166W,56,3,38.5,30,80,82.70,FOS,no
A0000498J,39,0.5,27,,44,43.00,SOC,no
A0001773N,51,3.5,49,16,59.5,70.10,FOS,no
A0001951U,48,3.5,38,13,40,57.60,FOS,nil
A0000772U,24,2.5,7,1.5,27.5,27.65,SOC,yes
A0000647R,53,3.5,54,28.5,65.5,79.75,FOS,no
A0002011R,50,3,27,12,69,67.00,FOS,nil
A0001277R,51,2.5,28,18.5,69,69.95,SOC,no
A0001795H,47,2.5,22,11,,35.90,BIZ,yes
A0000624B,51,4.5,59,24,74,82.90,FOS,nil
A0001455W,50,3.5,27,28,55.5,70.10,SOC,no
A0001878A,52,2.5,37,9,43,56.60,FOS,nil
A0000862U,30,1,31,10,50,47.20,,nil
A0000479L,44,3.5,20.5,7.5,22.5,42.35,FASS,no
A0000639N,50,3.5,41,16,51,65.10,FASS,nil
A0001066Y,50,3,42,26,66,75.80,FOS,nil
A0002002R,52,3.5,43.5,28.5,78.5,82.85,SOC,no
A0001833W,38,2.5,33,10,42.5,50.10,BIZ,yes
A0001327Y,53,3.5,47,24,78,81.10,SOC,nil
A0000355Y,51,3.5,43,23,60,72.60,SOC,nil
A0002134E,10,0.5,1.5,,8,9.00,FOS,yes
A0000769H,52,3.5,33,19,55,66.60,FOS,nil
A0001552Y,49,2.5,40,13,72,70.30,FOS,nil
A0001366U,52,3.5,37,19,61,69.80,FOS,nil
A0000965L,50,3,37,18.5,73,73.85,FOS,no
A0001819M,50,3,21,13.5,46.5,57.55,FOS,no
A0000566R,51,3,47,20.5,65.5,73.85,FOS,no
A0000344A,50,3.5,49.5,23.5,65.5,76.35,SOC,no
A0001054E,49,3.5,25,18,60,66.00,SOC,no
A0000536X,47,3,15,6,40,48.50,FOS,no
A0001248W,53,3,49,17.5,79,78.15,SOC,no
A0001738M,53,3.5,49.5,29.5,81.5,85.75,SOC,no
A0001712A,48,2.5,13,2,35,44.10,FOS,nil
A0001643X,52,3.5,33,20.5,60.5,69.55,FOS,yes
A0000893L,54,3.5,46,26.5,68.5,78.35,FOS,no
A0000245A,48,4,33,19,62,68.90,FASS,nil
A0002025H,44,3,39,6,28,47.00,FOS,no
A0000693N,50,3,25.5,19.5,44.5,60.65,SOC,no
A0000306H,51,2.5,52,18.5,63.5,72.55,SOC,no
A0001446W,53,3,58,28,84,87.20,FOS,nil
A0000064E,53,4,58,21,58,74.30,FOS,nil
A0002078R,48,2.5,19.5,11.5,62,60.95,FOS,no
A0000025L,51,3,60,29.5,78,85.95,FOS,no
A0001922X,50,3,19,20.5,64,67.65,FOS,no
A0001032M,51,5,57,27,74,84.50,SOC,nil
A0001814X,51,3.5,32.5,14.5,51.5,62.85,SOC,no
A0000172E,48,3.5,30,19,51,63.40,FOS,nil
A0000671X,51,3.5,28.5,23.5,63.5,71.35,SOC,no
A0001177U,53,3.5,33,24,72,75.90,FASS,nil
A0001388L,49,3,31,6,47,55.50,FOS,nil
A0001306E,50,3.5,48,19.5,55.5,70.05,FOS,no
A0001322J,49,3,32,6,49,56.50,FOS,nil
A0001216E,50,3,41,18,39,60.80,FOS,nil
A0001117E,54,1,63,29,73,82.30,FOS,nil
A0001010W,50,3,45,19.5,74,76.35,FOS,no
A0000577M,48,3,23,8,37,50.40,FOS,nil
A0000039B,48,3,35,11,69,67.10,SOC,nil
A0001881N,54,3,57,25,80,83.90,FOS,nil
A0001200U,49,1.5,54,18,50,65.80,FOS,no
A0000947L,50,3.5,34,9,60,63.80,FOS,nil
A0000694M,55,3.5,69,27,90,91.80,FOS,nil
A0001583R,54,4,44.5,23.5,48,68.85,SOC,no
A0001352A,52,4.5,46.5,30,57.5,76.80,FOS,no
A0000468N,50,3.5,51,17.5,50,67.45,SOC,no
A0001394R,44,1.5,27,2,18,37.10,FOS,nil
A0000793M,49,2,54,25,58.5,73.20,SOC,no
A0000462B,46,2.5,23,9,39,50.20,FOS,nil
A0000708W,54,3.5,51,25,82.5,84.20,FOS,nil
A0001778E,51,4.5,46,18,69,75.30,FOS,nil
A0001120R,56,4,65,28,93,93.20,SOC,nil
A0002045A,51,3,39,16.5,53.5,65.45,SOC,no
A0000783N,50,2.5,34,6.5,32,50.35,FOS,no
A0000203N,53,3,52,29,77,83.70,FOS,nil
A0000364Y,50,3,55,23,72,79.30,SOC,nil
A0000265Y,50,3,40.5,22.5,62,72.15,FOS,no
A0001553X,57,3.5,62,26,75,83.90,FOS,nil
A0001769E,47,3.5,27,9,22,45.70,SOC,no
A0001571X,52,3,45,25,68,76.70,SOC,nil
A0001522E,51,3.5,19,14,56,61.70,FOS,nil
A0000099N,30,0.5,9,0,,17.30,FOS,nil
A0000579J,50,3.5,24,11,47.5,57.80,FOS,nil
A0000610L,50,3.5,23.5,16.5,33.5,54.85,FOS,no
A0001459M,51,3,33,6,40.5,53.80,FOS,nil
A0001919L,53,2.5,61,25,76,82.60,,no
A0000589H,51,3,57,20,76,79.80,SOC,no
A0001672U,50,4.5,33,22,62,71.90,FOS,nil
A0000873N,53,3.5,71,28.5,93.5,94.35,,no
A0000604E,48,2.5,58,25,74.5,80.40,FOS,nil
A0001002U,50,3.5,34.5,23.5,70,75.15,FOS,no
A0001293W,53,2.5,49,24,63.5,74.70,FOS,nil
A0000338X,41,3,29,1,24,39.40,FOS,yes
A0001742X,51,3,70,27,83,88.70,FOS,nil
A0000813B,53,4,44,7.5,71,69.95,SOC,no
A0000642B,51,3,40,17,60,68.50,FOE,nil
A0001624Y,46,3,30,15,48,58.70,FASS,no
A0001818N,54,3.5,61,24.5,91,89.35,,no
A0000924W,55,3,54,27,79,83.90,BIZ,nil
A0001379L,50,3.5,34,22,71,74.70,FOS,nil
A0001758J,50,3,50,24,74,79.60,FOS,nil
A0002160H,50,3.5,31.5,29.5,64,75.15,FOS,no
A0002145B,49,3.5,21,1,26,43.10,FOS,nil
A0000197R,50,3,15,,,31.00,FOS,nil
A0001987B,52,4,50,20,77.5,80.00,SOC,no
A0000156B,50,4,30,22,48,65.20,FOS,no
A0001731B,50,4,23.5,17.5,40,58.45,FOS,yes
A0001570Y,50,3,27,12,48,58.60,SOC,no
A0000467R,30,0.5,48,27,77,69.40,,nil
A0000634Y,48,3.5,55,12.5,68.5,72.15,FASS,no
A0000082E,49,3.5,25,15,41,56.90,FOS,nil
A0001935N,52,3.5,36,27,44.5,67.00,FOS,yes
A0001325A,50,3.5,13,4.5,36.5,47.95,FOS,yes
A0000591W,53,3.5,54,23,87.5,85.80,SOC,no
A0001401M,50,4,48,18.5,67.5,74.85,FOS,no
A0000390B,48,1,20,6,40,48.00,FASS,nil
A0001568L,52,4,25,8,52,58.80,FOS,nil
A0000632A,51,3,48,25,82.5,83.10,FOS,no
A0001190A,53,3,42,29.5,72,79.95,FOS,no
A0000904Y,51,3.5,58,25,69,80.20,FOS,nil
A0000004R,54,3.5,66,26.5,89,90.55,SOC,no
A0001511J,55,3,48,28,82,84.40,FOS,no
A0001785J,50,2.5,21,5.5,40.5,50.65,FOS,no
A0001382X,55,4,56,27,85,87.70,FOS,nil
A0001263B,53,3,55.5,30,89.5,89.90,FOS,no
A0000652Y,39,3,32,12,49,54.50,FOS,nil
A0001272B,49,3.5,45,21,56.5,70.10,FOS,nil
A0000702H,49,3,28,11,48,57.80,FOS,nil
A0001807U,50,1,43,21,86,79.50,FOE,nil
A0001589E,52,3.5,55,25,75.5,82.20,FOS,nil
A0000403L,52,3.5,39,9,59,64.40,FOS,nil
A0000042M,53,3.5,27,24,55,67.90,FOS,nil
A0001970R,50,3,32,26,60,71.40,,nil
A0001147Y,52,3,57,28,79.5,85.20,FOS,nil
A0000226E,33,3,19,4,13,30.50,BIZ,no
A0002051J,50,2.5,53,21,68.5,76.00,FOS,no
A0001697E,48,3,47,20.5,60.5,70.85,BIZ,no
A0000767L,48,1.5,30,3,49,52.60,FOS,nil
A0000410N,43,0.5,34.5,19.5,47.5,57.65,FOS,no
A0000454Y,47,3,48,16,58,67.30,FOS,nil
A0000720H,50,3.5,53,23,78.5,82.00,FOS,nil
A0000935R,48,4,48,23,46,67.50,BIZ,no
A0000815X,50,3.5,44,11,49,62.40,FOS,no
A0000438W,49,3,18,17,49,59.20,FOS,nil
A0000556U,50,3.5,40,11,46,60.40,FOS,nil
A0000900H,52,3.5,44,24.5,72,78.35,FOS,no
A0001846M,53,3,49,24,73,79.00,SOC,nil
A0000292Y,52,5,55,17,72,78.30,FOS,nil
A0000703E,51,3,30,28.5,44,65.85,FASS,no
A0001694L,23,1,21,,,16.70,FOS,yes
A0001087U,52,4,37.5,12,50.5,62.70,FOS,no
A0000493U,51,3,46.5,17.5,67.5,73.05,FOS,no
A0001347W,50,3,40,30,66,77.40,LAW,no
A0000471B,56,3.5,67,29,74.5,86.20,,nil
A0001680W,53,4,46,12,60,68.20,FOS,nil
A0001890N,51,3,37,21,66.5,72.50,FOS,no
A0000137A,50,3.5,42,23,57,71.20,FOS,nil
A0000641A,43,3,21,2.5,15,35.95,FOS,no
A0001749J,36,1.5,20,,,23.50,FOS,nil
A0001741Y,53,3,60,28,82,86.80,FOS,no
A0001195U,52,3.5,28,12.5,60,64.35,FOS,no
A0001092B,51,2,42,27,75,78.90,FOS,nil
A0002235B,47,3,40,12,51,60.90,FOS,nil
A0000856M,45,3.5,50,23,77,78.30,FOS,nil
A0001141L,50,3,39,13,56.5,64.90,SOC,no
A0001030R,52,3.5,54,,60.5,63.50,SOC,no
A0002185U,49,2.5,62,21,76,80.30,FOS,nil
A0000272A,52,4.5,51,29.5,65.5,80.65,SOC,no
A0001534Y,50,3.5,41.5,19.5,35.5,60.75,SOC,no
A0001724X,50,3.5,59,29,85,88.80,FOS,nil
A0000301R,46,3.5,47,18,54.5,66.70,FOS,no
A0002217B,44,2.5,32.5,15,58.5,61.90,SOC,no
A0002101R,51,4,19,19,49,61.90,FOE,nil
A0000179R,45,2.5,41,19.5,71,71.35,FOS,no
A0001798B,50,2,34,23,53,66.50,FOS,nil
A0000028E,51,3.5,52,23,67,77.20,FOS,nil
A0000582W,52,3,59,25,72,81.10,FOS,nil
A0001736R,50,1.5,16,1,66.5,56.80,FOS,no
A0002017E,55,4.5,51,25,63.5,77.60,SOC,no
A0000969A,50,2.5,37,12,68,68.10,FOS,no
A0000176X,46,3,35,11,65.5,64.70,FOS,no
A0001353B,45,2.5,21,11.5,23.5,44.35,FOS,yes
A0000826U,47,3.5,35,2.5,28.5,46.65,FOS,no
A0001071H,45,2.5,42,13.5,51.5,60.75,BIZ,no
A0000145E,51,2.5,35,16,50,62.50,FOS,nil
A0000248X,42,3,16,,,27.20,FOS,yes
A0001851W,52,3.5,52,22,62,74.70,SOC,nil
A0001921Y,48,3,38,9.5,32.5,52.35,FOS,yes
A0000332J,56,3,68,27,93,92.30,FOS,nil
A0000313L,51,3,50,24,74,79.60,SOC,nil
A0000789A,52,4,46.5,30,71.5,81.90,FOS,no
A0000784M,51,2.5,31,14,65,66.70,FOS,nil
A0000131N,51,3.5,35,17,63,69.20,FOS,nil
A0001255Y,51,3,33,21,65,71.10,SOC,nil
A0001478L,50,4,20.5,16.5,44,58.95,FOS,no
A0000774N,50,3.5,33,3,34,50.20,FOS,yes
A0001473W,48,2.5,39,7,39.5,53.60,FOS,nil
A0000876J,51,3,60,16.5,75,78.25,SOC,no
A0000984J,51,3,55,19.5,69.5,76.55,SOC,no
A0001311M,55,4,53,17.5,81.5,80.95,,no
A0002125E,50,3.5,57,25,63,77.60,FOS,nil
A0000052L,48,3,34.5,17.5,37.5,57.65,FASS,no
A0001911B,57,5,53,22,85,85.60,FOS,nil
A0000570B,50,3,36,15,43,59.90,SOC,nil
A0000380A,53,3.5,52.5,12,74,74.60,FOS,no
A0000775M,50,3.5,41.5,13,61.5,67.90,FOS,yes
A0000239X,50,2,45,24,58.5,71.40,FOS,no
A0001653W,47,3.5,21,9,40,51.70,FOS,nil
A0002068U,15,0,19,0,,11.30,FOS,yes
A0000116J,50,3.5,32,9,49,59.00,FOS,yes
A0001698A,47,3.5,31,19,56,65.10,FOE,nil
A0001464W,50,3,20.5,7,40,51.60,FOS,yes
A0001765M,51,3.5,45,28,60.5,75.70,SOC,no
A0001358R,47,2.5,54,15,38,59.50,FOS,no
A0000611J,55,3,52,24,74,80.00,FOS,nil
A0001308B,51,3.5,68,21.5,70.5,81.05,SOC,no
A0001274X,43,3,52.5,11.5,48,59.95,FOS,no
A0001821B,47,3,20,9,32,47.80,FOS,nil
A0000735W,47,3.5,34,,47.5,52.80,SOC,nil
A0000532E,55,3.5,36,19,48,64.40,FOS,no
A0000333H,50,3,39,10,64,66.40,FOS,nil
A0002060J,18,0.5,18,,21,21.50,FOS,nil
A0000418Y,51,3,62,13,73,76.10,,no
A0001148X,51,3,16.5,19.5,53.5,62.45,SOC,no
A0002216A,40,2.5,22,10,41,48.30,FOS,nil
A0000263A,54,3.5,63,25,70,81.60,SOC,nil
A0000533A,58,5,63,29.5,94.5,95.15,FOS,no
A0001530H,56,5,41,17,60,70.70,FOS,nil
A0001086W,46,2,46,15.5,63.5,67.35,FOS,no
A0000238Y,51,3.5,66,20.5,80.5,84.15,SOC,no
A0001477M,48,3,45,18,44,62.60,SOC,nil
A0000484U,36,0.5,33,1.5,,25.85,FOS,yes
A0000504H,41,0,46,23,75,71.20,FOE,nil
A0001051L,50,3.5,24,4.5,45,53.55,FOS,no
A0001582U,51,3.5,50,24,67.5,77.50,SOC,nil
A0000558N,52,4.5,49,20,73,78.50,FOS,no
A0001330L,56,3.5,46.5,28,71.5,80.40,FOS,no
A0001966H,54,3.5,62,29,72,84.20,FOS,nil
A0001072E,54,4,47,20.5,73.5,78.05,FOS,no
A0002197M,54,2.5,68,28.5,89,90.95,FOS,no
A0000792N,48,3,42,16,59.5,67.20,FASS,no
A0001504E,55,3,46,24,72.5,78.20,SOC,nil
A0002103M,50,2,56,15,45,63.70,SOC,nil
A0001539N,51,3,26,13,59,63.30,SDE,nil
A0002203L,47,3,44,21,60,69.80,FOS,nil
A0001575N,53,3,63,24,90,88.60,,no
A0000963N,52,3,53,27,81.5,84.70,FOS,nil
A0000597J,50,2.5,45,29.5,56.5,73.85,SOC,no
A0001387M,55,4,57,30,81.5,88.00,FOS,no
A0000525B,44,1.5,14,6,32,42.10,FOS,nil
A0001501L,53,3.5,40,17.5,67.5,72.25,,no
A0001981M,46,3.5,20,,,30.50,SOC,yes
A0001380B,53,3.5,41,14,61,68.10,FOS,nil
A0001906U,52,3.5,29.5,15,41.5,58.50,SOC,no
A0002163B,52,3,57,19,58,72.10,FOS,nil
A0000021U,50,3.5,46,18,75,76.70,FASS,no
A0001069U,48,1,51,19,57,67.50,BIZ,no
A0001202N,50,4,46,17,66.5,73.30,SOC,no
A0000113N,51,3.5,19.5,7.5,42.5,53.15,FOS,no
A0001510L,53,2,52,19,73,76.10,FOS,nil
A0001199L,53,4,57,30,68.5,82.80,FOS,no
A0001231L,50,2.5,33,12,63.5,65.50,FOS,no
A0000686L,44,3,19.5,10,48.5,53.30,SOC,no
A0001187R,53,3.5,37,19,75,75.40,FOS,nil
A0000821A,52,3.5,11,5,41.5,49.80,FOS,nil
A0001061J,47,2.5,13,0,34,42.20,FOS,nil
A0001285U,55,3,72,18.5,96.5,90.25,,no
A0001867H,44,3,13,7,,31.10,FOS,yes
A0001156Y,50,3,16.5,17.5,56.5,62.65,SOC,no
A0000622E,53,3.5,58.5,28.5,80,86.45,FOS,no
A0001367R,50,3.5,33,30,74,79.70,SOC,no
A0001803B,50,2.5,44,18,54,66.90,SOC,no
A0001702E,50,2.5,29,15,45,58.80,FOS,nil
A0000654W,53,3.5,42,9,57.5,64.40,FOS,no
A0001844R,50,3.5,59,26,76,83.70,FOS,nil
A0000994H,48,3,28,6,40.5,51.80,SOC,yes
A0000884L,56,4,47,19.5,81,80.55,FOS,no
A0000385U,53,3,73,20.5,85,86.85,,no
A0001763R,51,3.5,34,21,48,65.00,FOS,nil
A0000074A,47,3.5,25.5,13.5,42,55.65,SOC,no
A0001221M,50,3.5,19,9,57,59.60,FOS,nil
A0001720E,50,2.5,60,13.5,53,67.45,,no
A0001004N,50,3,63,20,81.5,83.20,SOC,no
A0001300R,50,2.5,46.5,28.5,86.5,85.65,NUSHS,no
A0000916U,53,3.5,64,26,82,87.10,SOC,nil
A0000166Y,50,3,47,14,63,69.60,FOS,nil
A0000106L,28,1.5,41,6,40.5,42.90,FOS,nil
A0000440J,51,3.5,43,17,50,65.60,FOS,nil
A0001955L,48,2.5,36,18,51.5,63.30,SOC,no
A0001326B,34,0.5,22,0,,21.90,FOS,yes
A0001376R,52,3.5,71,26,88.5,91.10,FOS,nil
A0000827R,52,3.5,35,5,31,50.40,FOS,nil
A0001767J,48,2,44,21,64,70.90,FOS,nil
A0001748L,51,3.5,40,15,63.5,69.40,FOS,nil
A0000190E,50,4.5,33,17.5,32.5,57.85,SOC,no
A0001225E,51,4,55.5,28,84,87.70,FOS,no
A0000302N,49,3.5,38,22,72,75.40,BIZ,nil
A0001991L,52,3.5,55,30,84,88.10,FOS,nil
A0001985E,50,3,40,19,60,69.50,SOC,no
A0001043J,50,3,48,23.5,56,71.75,SOC,no
A0000358U,44,3.5,39,,,33.30,FOS,yes
A0000014N,50,3.5,48,28,73.5,81.50,FOS,no
A0001757L,53,4,65,21,75.5,82.70,SOC,no
A0000697H,48,3,38,14,57.5,64.60,FOS,nil
A0002043H,50,3.5,39,27,54.5,71.60,SOC,no
A0001954M,52,3,68,27,75,85.10,FOS,nil
A0001020U,52,3,20,9,18,43.70,SDE,nil
A0000319Y,49,3,44,26,81,81.70,FOS,nil
A0001753U,53,3.5,45,24,73,78.70,FOE,nil
A0000934U,50,4.5,31,21,70.5,74.40,FOS,no
A0001315E,51,3.5,43,15,66,71.00,,nil
A0001529R,51,2.5,24,4,31.5,46.90,SOC,nil
A0001331J,50,2.5,31.5,21,68,71.50,SOC,no
A0001096U,51,3.5,52,19,64,74.00,FOS,nil
A0000259U,57,3.5,62,25.5,92.5,90.65,,no
A0000200W,51,3.5,43.5,24,74,78.80,SOC,no
A0002179M,46,3,49,16,62,68.60,FOS,no
A0002086U,47,2.5,35,24,66,71.40,FOS,nil
A0000636W,50,3.5,32,26,59,71.50,FOS,nil
A0000481Y,55,4.5,53,22,73,80.30,FOS,nil
A0000129B,51,2.5,69,30,83,89.50,FOS,nil
A0002186R,14,1,17,,,11.40,FOS,nil
A0001505A,53,3,61,22.5,89.5,87.25,FOS,no
A0001939H,47,3,31,10,54,59.30,BIZ,nil
A0001088R,52,3.5,53,23,70,78.60,FOS,nil
A0001228Y,52,2,63,29,94,91.70,FOS,nil
A0000231M,52,2.5,60,17,70,76.00,FOS,nil
A0000785L,48,3.5,34,23,56,68.20,FOS,nil
A0001845N,48,2,17,1.5,,30.15,SOC,yes
A0001198M,50,4,49.5,19.5,52.5,69.65,FOS,no
A0001772R,54,3.5,35,21,78,77.20,SOC,nil
A0000058Y,52,3.5,46,25.5,77.5,81.45,FASS,no
A0001938J,50,2.5,47,7,60,64.40,SOC,no
A0001485N,50,3,28,8,46.5,56.20,FOS,no
A0001687H,48,3.5,26,6,50,55.70,BIZ,nil
A0000915W,50,3,31,20,66,70.60,FOS,nil
A0001808R,50,2.5,36,16.5,44.5,60.75,FOS,no
A0000001X,51,2,44,20,71,74.20,FOS,nil
A0000796H,50,3,42,11.5,48.5,61.55,FOS,yes
A0000386R,50,3,52,22,71,77.80,SOC,nil
A0001984H,28,2.5,19.5,7.5,10.5,28.35,FOS,yes
A0001756M,51,3.5,52,23.5,71.5,79.25,FOS,no
A0000818R,52,3,42,18,70.5,73.60,SOC,no
A0001632B,49,3.5,41.5,19.5,52,66.85,FOS,no
A0000860X,52,3.5,39,22,48,66.50,SOC,nil
A0001400N,44,2,14.5,7.5,38.5,46.05,FOS,no
A0001153E,50,3,42,18.5,54.5,67.45,SOC,no
A0000051M,49,3.5,13,11,38,51.30,BIZ,nil
A0002070H,48,1,53,2.5,55.5,59.05,SOC,no
A0000507B,50,4,36,19,62,70.50,FOS,no
A0001163A,54,4,46.5,29.5,72.5,82.05,SOC,no
A0000078W,50,3.5,43.5,19.5,40.5,63.15,SOC,no
A0001415A,49,2,32,10,44,55.50,FOS,nil
A0002099L,51,3,56,28,82,86.00,FOS,nil
A0001046A,51,3.5,41,23,66,74.60,FOS,nil
A0000430L,52,3.5,57,24,83,85.10,FOS,nil
A0000405H,54,3.5,43.5,28.5,80,83.45,FOS,no
A0002174X,53,5,61,18,67,78.00,FOS,nil
A0000325E,50,3.5,27,20.5,60,68.15,FOS,no
A0002200R,48,3,21,8,35,49.20,FOS,nil
A0001978B,49,1,61,18,72,75.50,,nil
A0000921B,50,3.5,25,12,50,59.50,FOS,nil
A0001003R,50,3.5,33,19.5,43.5,62.25,FASS,no
A0000659L,46,3.5,15,5.5,35.5,46.45,FOS,yes
A0000460E,48,3.5,46,14.5,35,57.95,,no
A0001842W,54,3,39,16,65,69.80,FOS,nil
A0001976E,48,3.5,18,7,28.5,46.00,FOS,yes
A0000814Y,50,3,30,10,48.5,58.40,FOS,no
A0000494R,51,3.5,50,22,58.5,72.90,BIZ,nil
A0000125J,50,3,25.5,27,52.5,67.60,FOS,no
A0001085X,51,3.5,28,17,41,59.00,FOS,nil
A0000411M,52,3,33,25.5,58,70.55,SOC,no
A0000133L,46,2.5,33,8,28.5,47.50,FOS,no
A0000612H,50,4,43.5,14.5,47.5,63.95,SOC,no
A0001685L,47,3,36,10,54,60.30,FOS,nil
A0000920A,54,4,42,13,63.5,69.30,SOC,no
A0001345Y,23,2.5,12,20.5,78.5,58.05,FOS,no
A0001999W,55,3.5,68,26,82,87.90,FOS,nil
A0000581X,50,3.5,48,16.5,64.5,72.15,SOC,no
A0001688E,52,3.5,48,29.5,72.5,81.85,FOS,no
A0001123L,52,3,43,17,68.5,72.50,FOS,no
A0001175X,55,3,53,28,66,79.00,SOC,nil
A0000727U,51,3.5,45,23.5,81.5,81.85,FOS,no
A0002165X,50,3,60,26,69,80.60,FOS,nil
A0002083Y,51,3.5,18,16,47,58.90,FOS,nil
A0000268U,55,3.5,28,16.5,51.5,62.95,FOS,no
A0002229W,32,3,9,4.5,28,34.25,FOS,yes
A0001704B,50,3.5,50,24,75,80.50,FOS,nil
A0000742Y,36,1.5,20,,8,26.70,FOS,no
A0000106L,47,2,58,18.5,64,71.95,FOS,no
A0001436X,45,4,31,2.5,29,45.55,FOS,yes
A0001193X,46,4.5,40,14.5,44,60.35,BIZ,no
A0002128Y,51,3.5,46,13,60.5,68.40,SOC,no
A0001413H,53,5,50,15.5,79.5,79.55,FOS,no
A0002005L,50,3,47,17,70,73.90,SOC,no
A0001219Y,53,3.5,66,25.5,86.5,89.05,,no
A0000173A,51,3,50,12,51.5,64.60,SOC,nil
A0001556R,56,2.5,65,29,91,91.40,FOS,no
A0001110U,42,3,31.5,3,27.5,42.80,FOS,yes
A0000225H,50,4,28,10,21,48.00,FOS,no
A0001968A,51,3.5,49.5,29.5,72,81.95,FOS,no
A0000497L,49,3,21,8,57,58.50,FOS,nil
A0000841Y,50,3,16,16,45,57.20,FOS,nil
A0000599E,51,4,38,23,64,73.70,FOS,nil
A0000802E,53,3,43.5,29.5,67.5,78.45,SOC,no
A0001711E,50,3.5,30,18,55,65.50,FOS,nil
A0001535X,52,3.5,24,17,39.5,57.60,FOS,nil
A0001112N,52,3,41,13,55,64.70,FOS,nil
A0001447U,40,3,33,19,34,52.70,FOS,no
A0001449N,50,3.5,26,11,42,56.00,FOS,nil
A0001802A,45,2.5,19.5,17.5,43.5,55.05,SOC,no
A0000136E,52,3,45,25.5,67.5,76.75,SOC,no
A0000371A,52,3.5,38,19,59,69.20,SOC,nil
A0002089M,50,3,47,17,79.5,77.70,SOC,no
A0001115J,49,3.5,47,17,76.5,76.50,FOS,no
A0002153A,35,1,14,,,21.30,LAW,yes
A0000991M,49,4,25,14,47.5,59.50,FOS,no
A0000217E,33,2.5,18,10.5,,27.85,FOS,yes
A0000705B,54,3.5,43,24,71,77.50,FOS,nil
A0001761W,51,3,49,18.5,63,72.25,FOS,no
A0000825W,32,1.5,16.5,,,20.80,FOS,yes
A0000919M,49,1,31,14,48.5,58.10,FOS,no
A0000996A,52,5,48,15.5,61,71.75,SOC,no
A0001419W,51,2,34,10,33,52.00,FOS,nil
A0001613A,55,3,65,26,81,86.40,SOC,nil
A0002123J,54,3.5,62,22,75.5,82.10,FOS,no
A0000972N,53,3.5,68,27,68,82.80,SOC,nil
A0000858J,51,3.5,51,22,73,78.90,FOS,nil
A0000834W,50,2.5,55,22.5,68.5,77.15,SOC,no
A0000375W,39,2.5,40,18,54,60.60,FOS,nil
A0000754U,50,3.5,62,17,87,84.20,SOC,no
A0001857J,50,3.5,55.5,29.5,65.5,80.55,FOE,no
A0001077W,51,5,25.5,19.5,44,62.45,FASS,no
A0000282B,42,1,,,,22.00,FOS,nil
A0000168W,53,3,40,21,69.5,74.30,SOC,nil
A0000896E,33,3,19,,,23.30,FOS,yes
A0001180E,50,3,27,8,48,56.60,FOS,nil
A0000800J,51,3.5,47,18,57,69.70,SOC,no
A0000766M,50,3.5,35,16,63,68.70,FOS,nil
A0001644W,51,2.5,63,24,85,86.10,FOS,nil
A0000801H,50,3.5,42,26,58,73.10,FOS,nil
A0001726U,48,2.5,22,14,45,55.90,FOS,nil
A0000757M,52,3,55,21.5,62,74.55,,no
A0000949H,49,4,35,13,52,62.80,FOS,nil
A0000911A,44,1,40,12,49,56.60,BIZ,nil
A0000576N,34,1.5,13,11,20,34.60,FOS,nil
A0000070L,30,3.5,30,3,28,37.20,SDE,no
A0002094W,50,3.5,58,24,81,84.50,FOS,nil
A0001961R,44,3,48,13.5,62,66.15,,no
A0000575R,51,3.5,60,29,74.5,84.80,SOC,nil
A0000609W,47,3.5,46,20,51,66.60,FOS,nil
A0002008E,49,1.5,37,12,47.5,58.40,,no
A0000357W,51,3.5,75,26,91,92.90,FOS,nil
A0002000W,42,2,26.5,5.5,25.5,41.25,FOS,yes
A0000033M,48,3.5,34.5,13.5,46,59.55,SOC,no
A0001517X,52,5,43.5,24,49.5,70.50,SOC,no
A0000365X,53,2.5,50,24,57,72.30,FOS,nil
A0000982M,50,3.5,35,7,54,60.60,SOC,nil
A0000573W,50,3.5,44.5,22.5,56,71.05,SOC,no
A0001460A,34,2,50,22,57,62.80,FOS,nil
A0001294U,54,3.5,66,30,92,93.50,FOS,no
A0000927N,51,3,42,15,54,65.50,SOC,no
A0001547R,11,0.5,28,5,37,28.90,FOS,nil
A0000097U,47,3,27,22.5,59.5,66.95,FOS,no
A0000011W,51,3.5,41,13,54,64.80,SOC,no
A0000524A,44,3.5,25,,,30.50,FOS,yes
A0001950W,49,3.5,35,16,58,66.20,SOC,nil
A0001159U,54,3.5,47,28,71.5,80.50,FOS,nil
A0001841X,55,4.5,53,29,61,79.00,FOS,nil
A0001618U,51,3.5,34.5,22.5,67.5,73.65,SOC,no
A0000554X,46,2.5,54,19.5,70,74.05,FOS,no
A0000287R,51,3.5,47,18,63,72.10,FOS,nil
A0001962N,50,1,30,10,52,57.80,FOS,nil
A0000854R,50,3,42,14.5,56.5,66.25,FOS,no
A0000297N,49,3.5,26,6,53,57.40,FOS,nil
A0001476N,50,3.5,32,10,41,56.30,FASS,nil
A0000605A,55,4.5,51,30,80,86.70,SOC,no
A0000780W,24,1,48,,,22.60,,yes
A0001864M,54,3,54,11,56,66.70,FOS,nil
A0000964M,50,5,30,9,31.5,53.10,FOS,yes
A0001521H,50,3.5,18,14.5,59.5,63.15,SOC,no
A0001197N,45,3,22,13,42,53.20,FOS,nil
A0001659J,49,3,63,28,77,84.90,FOS,nil
A0001723Y,46,3.5,18,4,17.5,39.10,FOS,no
A0000175Y,53,3.5,42,18,62,70.70,SOC,nil
A0002135A,54,3.5,46,23,56,71.60,FOS,nil
A0000441H,50,3,26,17,53,62.90,FOS,nil
A0000933W,50,4.5,35,13,41,59.40,FOS,nil
A0000089R,15,0.5,15,1,14,17.10,FOS,nil
A0000799B,49,3,33,13,75,70.60,SOC,nil
A0000587L,52,3.5,40.5,11.5,43.5,59.75,SOC,no
A0000857L,52,3.5,66,25,66,80.60,FOS,nil
A0001262A,43,2,6,8.5,30,40.95,FOS,no
A0001525Y,50,3.5,24,22.5,38.5,59.95,FOS,no
A0000679H,47,4,34,11.5,51.5,60.65,SOC,yes
A0001239W,51,3.5,57,29.5,86,89.05,SOC,no
A0000204M,52,4,47,23,58,73.10,FOS,nil
A0000502L,47,3.5,29,9,,37.30,FOS,yes
A0001860W,50,3.5,44,9,56.5,64.40,FOS,no
A0000402M,51,3.5,35,15,44,60.60,SDE,nil
A0000361E,50,3,60,18.5,81.5,81.85,,no
A0000621H,51,4,53,16,66,74.00,FOS,nil
A0002191Y,51,3.5,47,9,56,64.80,FOS,nil
A0001948H,53,3.5,69,23.5,92,90.85,,no
A0000219B,51,3.5,43.5,30,72,81.00,FOS,no
A0001838L,49,3.5,36,16,62,68.00,SOC,no
A0001840Y,41,3,17,3.5,23,37.85,,no
A0000448U,40,3,36,22,65,67.20,FOS,nil
A0001426Y,51,3.5,38,15,67,70.40,FOS,nil
A0000187U,47,3,27,6,58,58.10,FOS,nil
A0000664U,50,3,30,15.5,54.5,63.55,FOS,no
A0001474U,50,3.5,23,22,51,64.50,FASS,nil
A0002130M,55,3.5,67,24,88,89.10,SOC,no
A0002038Y,50,2.5,50,18,70.5,74.70,FOS,no
A0001113M,53,4,63,14.5,70,76.85,SOC,no
A0001603E,50,3,45,22,73.5,77.40,SOC,no
A0000618W,51,3,31,21,61,69.10,SOC,nil
A0000214L,49,3,42,20,60,69.90,FOS,no
A0000930B,53,3.5,56,24,69,79.30,SOC,nil
A0002213J,51,5,26,9,31,52.10,FOS,nil
A0001896A,48,3,31,8,33,50.40,FOS,nil
A0000890R,53,3,65,27,76,84.90,SOC,nil
A0000878E,52,3,54,28,80,84.80,FOS,nil
A0000676M,50,3.5,53,28,76,83.50,SOC,nil
A0000684N,49,1.5,51,,,36.20,FOS,yes
A0000747N,50,3,45,19,66.5,73.10,FOS,no
A0001479J,51,3.5,58,22,71,79.50,SOC,nil
A0000744W,50,4.5,39,22,69.5,76.10,FASS,no
A0000749L,43,0,14,7,34,41.40,FOS,nil
A0000304L,50,3.5,39,14.5,58,66.75,FOS,no
A0000655U,50,4,29,18,39,59.40,FOS,nil
A0002154B,50,3,48,19,69.5,74.90,FOS,no
A0002007H,49,3.5,35,16,75.5,73.20,SOC,no
A0001823X,53,3,38,10,56,63.00,FASS,nil
A0001673R,50,3,35,17,49.5,63.30,FOS,no
A0000527X,51,3.5,19.5,16,48,59.60,FOS,yes
A0000678J,49,3,15,1,46,49.40,FOS,nil
A0001588H,52,3,37,20,61.5,70.00,SOC,nil
A0001879B,26,3,8,0,21,26.00,FOS,nil
A0001925R,53,3,48,23.5,83.5,82.75,FOS,no
A0001858H,51,3,59,18,53,70.00,FOS,no
A0001097R,50,3.5,34,9,41.5,56.40,SOC,nil
A0001883L,45,3,15,19,34.5,51.80,SOC,no
A0001319X,46,3,28,7.5,34.5,49.15,FOS,yes
A0001164B,51,2.5,37.5,21,66.5,72.10,SOC,no
A0000929L,48,3.5,17,4,41.5,49.50,SOC,yes
A0000734X,53,3.5,62,21,82.5,84.40,SOC,no
A0000586M,51,3.5,57,30,70.5,83.10,FOS,no
A0001201R,56,3.5,62,27,78,85.60,FOS,nil
A0000212N,50,3,38,6,40,54.60,FOS,nil
A0000094Y,51,3.5,50,19,67,74.80,FOS,nil
A0000828N,50,3.5,34,18,55,66.30,FOS,nil
A0001904X,50,3,25,19,41,58.90,FASS,nil
A0001321L,50,3,35,20,52,65.80,FOS,nil
A0001291Y,50,3.5,60,25,80,85.00,FOS,nil
A0000511L,52,3,54,29,75,83.30,FOS,nil
A0002147X,50,3,43.5,22,58.5,71.10,FOS,no
A0000955M,48,3.5,47,13.5,74,73.25,FOS,no
A0000107J,50,3.5,30,11.5,26,50.65,FOS,no
A0000668L,50,3,25.5,11.5,58,62.05,FOS,no
A0000520L,50,3,55,16,70,75.00,FOS,nil
A0000945N,50,3,46,21,82,80.50,SOC,no
A0001897B,52,3.5,49.5,22,79.5,81.20,SOC,no
A0002081A,38,1.5,29,,,26.30,FOS,yes
A0001227B,52,3,52,27,73,81.10,SOC,nil
A0002065Y,48,1.5,34,17,50,60.80,FOS,nil
A0001261E,54,4,16,6,41,51.60,FOS,nil
A0001910A,55,2.5,73,20,88.5,87.50,,no
A0000807W,52,3.5,45,27,72.5,80.00,FOS,no
A0001696H,51,5,50,21,73,79.70,SOC,nil
A0001438U,50,3.5,15,3,35,47.00,FOS,nil
A0001040N,50,3.5,42,17,69,73.00,SOC,no
A0000424E,50,3.5,46.5,25.5,57.5,73.55,SOC,no
A0001675M,40,1,38,12,48,53.80,FOS,nil
A0001576M,48,2.5,44,10.5,39.5,56.35,SOC,yes
A0000879A,28,1.5,,,,15.50,SOC,yes
A0000832Y,28,3,20.5,,,21.10,FOS,yes
A0001595L,58,5,69,29,89.5,94.10,FOS,nil
A0000100X,50,3,42,19,54,67.50,FOS,no
A0000103R,42,3,54,7,50,58.30,,no
A0000907U,50,3.5,43.5,23.5,67.5,75.95,FOS,no
A0001760X,43,3,22.5,13.5,35.5,49.95,FOS,no
A0000733Y,51,3,62,28,78.5,85.80,FOS,nil
A0002052H,50,2.5,54,23,61.5,74.40,FOS,nil
A0001302M,54,3.5,34,15,59,66.40,FOS,nil
A0000665R,48,2.5,54,26,77,81.10,FOS,nil
A0000160L,50,3,39,10,60,64.80,FOS,nil
A0001622A,46,3,12,2.5,40,45.65,SOC,yes
A0001129Y,46,2.5,42,23,55,67.40,FOS,nil
A0000914X,50,3.5,19,18,51,61.70,FOS,nil
A0000980R,49,3,34,20,46,62.70,SOC,nil
A0000305J,52,3.5,39,13,49,62.40,FOS,nil
A0000543B,59,5,60,24.5,77.5,85.25,,no
A0000040R,50,5,30,14.5,68.5,70.65,FOS,no
A0000169U,53,3,52,16,71,74.80,SOC,no
A0001636U,47,3,39,8,35,52.30,SOC,yes
A0002180A,53,3,65,25,72,82.30,FOS,nil
A0001546U,46,3,19,3,32,44.10,FOS,nil
A0000020W,50,3,46.5,28,68.5,78.70,FOS,no
A0001623B,52,4,37,15,61,68.30,FOS,nil
A0001506B,45,3,32,17,46,58.80,FOS,nil
A0000902A,51,3,47,17,69,73.50,SOC,nil
A0001578J,50,4,37,20.5,62,71.45,FOS,no
A0001242H,50,4.5,43.5,27,62.5,76.70,SOC,no
A0002124H,50,3,38.5,25,63.5,73.60,FOS,no
A0000569L,50,3,16,10,38,51.40,FASS,nil
A0000771W,51,3.5,46,18.5,67.5,73.95,FASS,no
A0001917N,51,3,44.5,29.5,66,78.05,SOC,no
A0002162A,50,3.5,35,8,46,57.90,FOS,nil
A0000008J,50,2.5,42,19,80.5,77.60,SOC,no
A0000324H,50,4.5,28,8,38,54.30,SOC,nil
A0001903Y,54,3.5,36,11,49,60.80,FOS,nil
A0001518W,52,3.5,64,25,75,83.80,FOS,nil
A0001538R,50,3.5,26.5,15,62.5,66.30,FOS,no
A0002080E,49,3,36,21,54,66.80,FOS,nil
A0000415E,45,3,26,13,52,58.00,BIZ,nil
A0000723B,52,4,58,18,88,84.80,SOC,no
A0001662W,45,1,40,16.5,66,66.15,FOS,no
A0002022M,53,3.5,59,21.5,83.5,84.45,FOS,no
A0000701J,53,3.5,69,23.5,94,91.65,SOC,no
A0001339U,48,3,32,15,50,60.90,FOS,nil
A0002232H,54,3,56,27,89,88.30,FOS,nil
A0002079N,51,3.5,44,17.5,57.5,69.05,FOS,no
A0001606Y,51,4.5,39,13,57,66.60,SOC,no
A0001118A,53,4,33,23.5,48,66.55,SOC,no
A0001287N,48,2.5,42,19,43,61.60,FOS,nil
A0001359N,54,4,58,20,76,81.00,SOC,no
A0000134J,50,3,61,22,72,80.00,FOS,no
A0001882M,31,2.5,39,,,25.80,FASS,yes
A0000151L,50,3.5,49,25.5,56,73.45,FOS,no
A0000563X,51,3,45,5,53.5,60.90,,no
A0001574R,51,3.5,43,17,59,69.20,FOS,nil
A0001279M,50,3.5,24,14.5,48.5,59.95,FOS,no
A0000553Y,52,3.5,65,26,91,90.90,SOC,no
A0001519U,52,3,39,20,62.5,70.80,SOC,no
A0002003N,43,2.5,36,3,25.5,42.90,FOS,yes
A0000997B,50,3.5,32,11,49,60.00,FOS,nil
A0000444B,52,2.5,33,16.5,40.5,58.55,FOS,yes
A0001470B,55,3.5,69,29,85,90.80,SOC,nil
A0000308A,50,2.5,49.5,19.5,60,71.15,SOC,no
A0000538U,51,4,27,23.5,50.5,66.35,SOC,no
A0000545X,50,3.5,37.5,21,51.5,67.10,SOC,no
A0000199M,50,5,36,15,65,70.70,FOS,nil
A0001716W,52,3.5,45,22,66,74.90,SOC,nil
A0001273Y,46,3,33,9,63,62.30,FOS,nil
A0001217A,52,4.5,22,7.5,10.5,41.85,SOC,yes
A0000195W,32,1,12,0,16,25.80,FOS,nil
A0001383W,48,3,30,10,51,58.40,BIZ,nil
A0001723Y,47,2,7,1,16.5,34.00,FOS,yes
A0001563W,33,0.5,21,2.5,37.5,37.45,FOS,yes
A0000449R,47,3.5,20,4.5,21.5,41.85,SOC,yes
A0001508X,49,3,63,22,72.5,80.10,BIZ,nil
A0000683R,55,5,60,30,90.5,93.20,SOC,no
A0001612E,49,2.5,42,24,66.5,74.00,SOC,no
A0001405E,51,3.5,70,25,68,82.20,FOS,nil
A0001837M,48,3.5,24,8,40,52.30,FOS,nil
A0000552B,29,3,11,,,19.70,,yes
A0000281A,51,4,59,23,69,79.90,FOS,no
A0000181E,51,4.5,12,6,21,43.30,SDE,nil
A0000059X,50,3.5,34.5,24,,47.40,FOS,yes
A0001378M,52,3.5,42,12,64.5,68.70,SOC,nil
A0001615Y,50,3,48,22,52,69.40,FOS,nil
A0001526X,50,4,19.5,13,58.5,62.80,FOS,no
A0002067W,49,2.5,33,25,69,73.70,FASS,nil
A0001098N,50,3,27,13.5,60,64.15,SOC,no
A0002026E,50,3.5,28.5,18,48.5,62.60,SOC,no
A0001638N,44,2.5,21,5.5,33.5,44.85,SOC,yes
A0000253E,50,3,43,23,66,74.50,FOS,nil
A0001035H,52,3,63,28,88,89.80,SOC,nil
A0001620H,49,4,43,13,43,60.80,FASS,nil
A0001611H,52,3.5,40.5,22,60.5,71.80,FOS,yes
A0000348W,52,2,48,14.5,67.5,70.85,SOC,no
A0000177W,50,3,48,23,65,75.10,FOS,nil
A0000171H,50,3,26,12,61,63.60,FOS,nil
A0000036H,46,2.5,10,10,41,48.90,FOS,nil
A0000447W,49,3.5,28,16,61.5,66.20,SOC,no
A0001154A,57,5,44,28,82,85.60,FOS,nil
A0000812A,51,3,40,21,81.5,79.10,FOS,no
A0001305H,52,3,40,20,78,77.20,,nil
A0000731A,50,3,11.5,5.5,48.5,52.45,FOS,yes
A0000324H,50,3.5,21,4,24,44.30,SOC,nil
A0001220N,50,3,42,17,,44.90,SDE,yes
A0001424A,50,3,39,24,58.5,71.20,FOS,no
A0001083B,52,4.5,43.5,22.5,64,75.05,SOC,no
A0001573U,51,3,40,17,59,68.10,SOC,no
A0001646R,51,3.5,36,17,50,64.20,FOS,nil
A0001298L,49,3.5,48,15,68,72.30,FOS,nil
A0001561Y,48,3.5,26.5,8.5,52.5,58.05,FOS,no
A0001093Y,50,3,36,25,49.5,67.50,FOS,no
A0001785J,46,2.5,29,,14,36.90,FOS,no
A0000299L,53,5,51,30,66,81.60,SOC,no
A0002056Y,42,3,15,5,29,41.10,FOS,nil
A0000164A,49,2.5,50,17.5,59.5,69.55,SOC,no
A0001783M,49,2,49,10.5,59.5,65.35,FOS,yes
A0001250J,54,3.5,52,18,53,69.10,SOC,nil
A0000614A,53,2,55,19.5,85.5,81.95,SOC,no
A0000227A,51,3.5,52,19,68.5,75.80,FOS,no
A0002019B,50,3,20,17,42,57.30,FOS,nil
A0002036A,52,3,52,15,87.5,80.90,SOC,no
A0002111N,50,3,44,21,71,75.70,SOC,nil
A0000215J,49,3,50,21,66,74.40,FOS,nil
A0002168R,50,3.5,49,22,55.5,71.50,FOS,nil
A0000514E,51,3,48,22,59,72.20,FOS,nil
A0000762W,51,3.5,40,12,54,64.10,FOS,nil
A0001480Y,55,2.5,67,23,87,87.20,FOS,no
A0000230N,26,0.5,9,,,15.30,FOS,yes
A0000990N,49,3.5,37,16,61.5,68.00,FOS,no
A0001617W,57,5,67,30,85,92.40,FOS,nil
A0001252E,55,3,59,18,76,79.20,FOS,nil
A0001497J,50,4,58.5,23.5,78,83.65,SOC,no
A0002064B,50,3,48,18,74,76.20,SOC,no
A0000334E,50,3.5,36,6,66,65.10,FOS,nil
A0000079U,53,3.5,49.5,18,60,71.40,FOS,no
A0000349U,50,3,41.5,9,63.5,66.20,FOS,no
A0001444Y,55,3,62,24,78.5,83.80,FOS,nil
A0001994E,50,3.5,45,19,73.5,76.40,FOS,no
A0002151H,52,3.5,29,16,49,61.90,FOE,nil
A0002105J,52,2.5,21,4,49,53.30,FOS,nil
A0001861U,55,4,54,28.5,80.5,86.25,FOS,no
A0000360H,53,3,44,28,79,82.40,,nil
A0000672W,50,3,36,19,48,63.90,SOC,no
A0001750Y,50,3,37,18,50,64.40,FOS,nil
A0000795J,53,3,45,19,64,72.10,SOC,no
A0001679E,50,3.5,45,19.5,69.5,75.05,SOC,no
A0001499E,50,3,9,8.5,28.5,45.45,FOS,yes
A0000102U,56,4,49,30,74.5,83.60,SOC,nil
A0000250L,52,3,53,16.5,64,72.45,SOC,no
A0000846N,52,4.5,60,16,69,77.10,FOS,no
A0001462Y,47,3.5,29,6,38,51.00,FOS,nil
A0001008H,50,3.5,58,19,61,74.00,,no
A0000598H,48,3,28,2,44,51.20,FOS,nil
A0000505E,45,2.5,30,6,34,47.60,SOC,yes
A0000670Y,50,3.5,31,20.5,64,70.55,FOS,no
A0001314H,55,4.5,63,29.5,84.5,90.65,FOS,no
A0002202M,54,3.5,53,26,73,81.30,SOC,nil
A0001303L,51,4,24,19,61.5,67.90,SOC,no
A0000923X,50,3.5,44,20.5,70,75.55,BIZ,no
A0001928L,53,3.5,50,24,72.5,79.50,FOS,nil
A0001875J,49,2.5,32,20,52,64.20,FOS,nil
A0000232L,52,3.5,61.5,28.5,78.5,86.45,SOC,no
A0001708U,43,3,42,,,32.90,FOS,yes
A0000284X,50,3.5,55,21,67.5,77.00,FOS,no
A0000060M,50,3,44,19,66,72.70,FOS,nil
A0000751Y,51,3,72,26.5,92,92.45,,no
A0001898Y,44,3,19.5,9,44,51.00,FOS,yes
A0000329X,51,3,33,14,63,66.80,FOS,nil
A0000202R,50,3.5,22,9,50,57.40,FOS,nil
A0001049X,43,3,32,12,55.5,59.10,,no
A0001544X,49,4,31,11,39,55.80,FOS,nil
A0001296N,50,4.5,23,2,38,50.30,FOS,nil
A0001487L,51,3.5,38,14,60,67.10,SOC,nil
A0001152H,50,3.5,23,8,21,45.50,FOS,nil
A0001872N,50,3.5,34,17.5,76.5,74.65,BIZ,no
A0001078U,51,3,64,9.5,53.5,66.95,FOS,no
A0001764N,50,3,39,23.5,74,77.15,FOS,no
A0002182Y,53,3,53,21.5,86.5,83.95,FOS,no
A0001831Y,52,4.5,61,28,72,84.50,SOC,no
A0000810H,52,3.5,52,22,59,73.50,FOS,nil
A0000407A,54,3,65,22,81,84.40,,no
A0000537W,48,3,35,19,43,60.70,FOS,nil
A0001932W,50,3,16.5,1.5,24,41.65,FOS,yes
A0000291B,50,3.5,32,18,50,63.90,FOS,nil
A0001885H,51,3,42,27,70.5,78.10,SOC,no
A0000688H,50,3.5,58,23,66,78.00,SOC,nil
A0001124J,50,3,60,18,70,77.00,FOS,nil
A0001779A,50,3,28,3,54,56.70,FOS,nil
A0000062J,51,3.5,37,16,31,56.30,FOS,nil
A0000718U,49,4,24,7,,36.80,SOC,yes
A0001658L,47,3,8,3,30,41.60,FOS,nil
A0002085W,50,3.5,40,26.5,65.5,75.95,SOC,no
A0001614B,50,2.5,33,10.5,37.5,54.35,SOC,yes
A0000987A,50,2.5,32,4,18.5,43.30,FOS,no
A0002091B,51,4.5,30,15,43.5,60.40,SOC,no
A0000457U,52,3.5,68,30,79,88.70,FOS,nil
A0000076Y,12,0.5,,,,6.50,FOS,nil
A0001138Y,50,3.5,23,19,70,70.60,FOS,no
A0002014L,51,3,59,11,45,63.30,FOS,no
A0002069R,52,4,31.5,10,33.5,53.70,FOS,yes
A0000167X,49,3.5,46,18.5,82.5,79.45,SOC,no
A0001545W,50,3.5,49,23,67,76.60,FOS,no
A0002102N,53,3.5,66,28,80,87.70,FOS,nil
A0001597H,54,3.5,57,26,78,84.10,FOS,nil
A0001604A,51,3.5,53,22.5,84.5,84.15,FOS,no
A0000677L,54,3,55,23,76.5,81.10,FOS,no
A0001440H,52,1,55,23,77.5,79.50,FOS,no
A0001770W,50,3,50,20,73,77.20,FOS,no
A0000535Y,50,3,30,10,48,58.20,SOC,no
A0000978A,36,2,25.5,10,58.5,53.50,FOS,no
A0000776L,50,3,36,8.5,35,53.45,FOS,yes
A0001852U,50,3,69,18,73,80.00,BIZ,nil
A0000993J,50,3.5,48,24,60.5,74.30,SOC,no
A0001435Y,54,2,57,27,75,81.90,FOS,nil
A0000032N,53,2,52,18.5,53,67.85,,no
A0000704A,51,3.5,57,22.5,80,83.15,FOS,no
A0000562Y,51,3,50.5,29.5,72,81.65,FOS,no
A0001395N,39,3,28.5,3,13.5,35.10,FOS,yes
A0002115H,54,3,51,28.5,88,87.65,FOS,no
A0002112M,45,3,11,10,34,46.30,FOS,nil
A0001483U,28,1,33,,,21.60,FOS,yes
A0000271E,52,3.5,51,21,65,75.20,SOC,no
A0000295U,50,3,47,20,72,76.20,SOC,no
A0001286R,55,3.5,58,24,67,78.90,FOS,nil
A0001960U,50,3.5,31.5,8.5,54,60.65,FOS,no
A0002120N,50,3.5,52.5,16.5,76.5,77.85,SOC,no
A0001874L,56,4,55,28,74,83.60,FOS,nil
A0001727R,54,3.5,60,20,67,77.30,FASS,nil
A0000174B,56,5,66,21,78,84.90,FOS,nil
A0000859H,52,3.5,39,14,59,66.90,,no
A0000378N,56,3.5,74,28,82,90.10,FOS,nil
A0001055A,50,2.5,65,23,88,87.20,SOC,no
A0002076W,52,3,51,20,61,72.60,SOC,no
A0000886H,50,4,34,26,76,79.20,SOC,nil
A0000384W,53,4.5,65,22.5,74.5,83.55,SOC,no
A0001513E,38,2,19.5,24,30.5,49.10,SDE,no
A0002189L,53,3,54,21,75,79.30,FOS,nil
A0001707W,51,3.5,52,20,69,76.50,FOS,nil
A0000433E,50,2.5,38,10.5,58.5,63.75,SOC,no
A0001593N,56,3.5,73,27,92.5,93.60,FOS,nil
A0000243H,52,3,52,21,68,76.10,SOC,nil
A0001619R,50,3.5,42,19,70,74.40,FOS,nil
A0001044H,42,3,28,6.5,27.5,43.85,SDE,no
A0000400R,53,3,44,18.5,48.5,65.45,FOS,no
A0000318B,55,3.5,72,29,85,91.40,FOS,nil
A0001635W,49,3,26,15,34,53.80,FOS,nil
A0000472Y,21,2.5,4.5,,,13.90,FASS,yes
A0000714B,50,3.5,36,29.5,64.5,76.25,SOC,no
A0001630E,50,3.5,42,24,49.5,68.70,SOC,no
A0001057Y,50,3.5,41.5,20.5,70.5,75.25,FOS,no
A0002222J,52,2.5,43,24,68,75.30,SOC,nil
A0000596L,51,3.5,50,20,51,68.90,SOC,nil
A0000519W,50,3.5,51,11,62,69.00,FOS,nil
A0001053H,38,2,25,,,26.00,FOS,yes
A0001647N,52,3.5,37,24.5,65,74.15,FOS,no
A0000191A,52,4,56,20,83,83.40,SOC,no
A0000824X,50,3.5,28,13,42,57.40,FOS,nil
A0001601J,32,2.5,24,,,23.30,SDE,yes
A0001259R,52,3,50,21,57,71.30,SOC,nil
A0001354Y,51,3,43,21,44,64.70,SOC,no
A0000326A,43,3,6,15,60,57.20,FOS,nil
A0001174Y,49,3,18,4,30,45.10,FOS,nil
A0001137B,50,3.5,59,18.5,71,77.95,,no
A0002220M,50,3.5,46,20.5,63.5,73.35,SOC,no
A0002073B,57,4.5,61,22,80,84.70,FOS,no
A0001318Y,50,3.5,30,16.5,61.5,67.35,FOS,no
A0000707X,50,4,62,19,69,78.50,SOC,no
A0001918M,55,5,57,24,64.5,79.20,FOS,no
A0001725W,57,5,68,30,87,93.40,FOS,nil
A0001527W,52,3,46,20,52,68.00,FOS,nil
A0001370A,53,3.5,59,18.5,75.5,79.75,,no
A0002001U,55,4.5,61,23,68,80.40,FOS,nil
A0001967E,50,2.5,24,14.5,46,57.95,SOC,no
A0000435B,50,3.5,65,27,77,85.80,SOC,nil
A0001637R,49,3,46,17,67.5,72.20,FOS,no
A0001213L,50,3.5,33,13.5,53.5,63.25,FOS,yes
A0000083A,46,2.5,43,14,62.5,66.10,FOS,no
A0001075Y,50,3,66,18,80,82.20,,no
A0000006M,53,3.5,68,27,85,89.60,SOC,nil
A0000222M,50,3.5,40.5,14.5,55.5,66.05,FOS,yes
A0000142L,51,4.5,37,19,55,68.40,FASS,nil
A0000546W,48,4,30,20,60,68.00,FOS,nil
A0000091E,52,4,47,21,74,78.50,SOC,no
A0001621E,53,3,50,16,56,68.40,SOC,nil
A0001385R,50,5,46.5,22.5,47.5,69.55,SOC,no
A0001997Y,49,3,13,11,38,50.80,FOS,nil
A0001034J,50,3,48,13.5,62.5,69.35,FOS,no
A0000017J,49,3.5,28,5.5,61,60.75,FOS,yes
A0001850X,48,1,45,20,59,67.60,FOS,nil
A0001356W,57,3,72,27,95,93.90,SOC,no
A0001224H,52,4,42,22,59.5,72.20,FOS,nil
A0002054A,51,3.5,53.5,28,70.5,81.40,SOC,no
A0000475U,50,3,31.5,26.5,61.5,72.15,SOC,no
A0002028B,50,3,39,26.5,58.5,72.45,FOS,no
A0000322L,49,3.5,32,14,38,56.60,FOS,nil
A0001443B,50,2.5,39,16,68,70.50,SDE,nil
A0000894J,52,3,61,25,79.5,84.50,FOS,nil
A0002020R,56,4.5,44.5,23.5,64,75.75,SOC,yes
A0000517Y,54,4.5,45,24,61.5,75.10,FOS,no
A0001927M,55,3.5,61,29,70,83.20,FOS,nil
A0001011U,53,3,72,21,89.5,88.70,,no
A0000985H,52,3,33,15.5,59,65.95,SOC,no
A0000061L,50,3.5,27,11.5,63.5,65.05,FOS,no
A0001179N,50,4.5,44,15.5,79.5,77.85,FOS,no
A0001982L,42,2.5,17.5,7.5,40.5,46.95,FOS,no
A0000835U,0,0,,,,0.00,FOS,nil
A0000764R,48,3.5,37,13,47.5,60.40,SOC,yes
